smiles_key,smiles,HOMO,LUMO,Gap,HOMO(eV),LUMO(eV),Gap(eV),Scharber_Gap(eV)
gdb 326,O=CC(=O)C=O,-0.2606,-0.1455,0.1151,-7.091287196812,-3.95925666591,3.132030530902,3.132030530902
gdb 723,C1=NN=CN=N1,-0.2475,-0.1121,0.1355,-6.73481803995,-3.050396372842,3.68714280571,3.68714280571
gdb 1587,CC(=O)C(=O)C=O,-0.2489,-0.1149,0.134,-6.772913980378,-3.126588253698,3.64632572668,3.64632572668
gdb 1589,NC(=O)C(=O)C=O,-0.2482,-0.1217,0.1265,-6.753866010164,-3.311625678634,3.44224033153,3.44224033153
gdb 2115,O=C1CC=CC1=O,-0.2347,-0.0951,0.1396,-6.386512298894,-2.587802810502,3.798709488392,3.798709488392
gdb 2124,O=C1CNCC1=O,-0.2199,-0.0939,0.126,-5.983783785798,-2.555149147278,3.42863463852,3.42863463852
gdb 2125,O=C1COCC1=O,-0.2394,-0.104,0.1354,-6.514405813188,-2.82998414608,3.684421667108,3.684421667108
gdb 4019,NC(=[NH2+])C(C=O)=N[O-],-0.1824,-0.0552,0.1272,-4.963356810048,-1.502068508304,3.461288301744,3.461288301744
gdb 4605,NC1=CNC(=O)C=N1,-0.1974,-0.058,0.1395,-5.371527600347999,-1.57826038916,3.79598834979,3.79598834979
gdb 4608,NC1=COC(=N)C=N1,-0.2002,-0.0657,0.1345,-5.447719481204,-1.7877880615139998,3.65993141969,3.65993141969
gdb 4611,NC1=COC(=O)C=N1,-0.2162,-0.0803,0.1359,-5.883101657524,-2.185074297406,3.698027360118,3.698027360118
gdb 4613,OC1=CNC(=N)C=N1,-0.1886,-0.0591,0.1295,-5.132067403372,-1.608192913782,3.52387448959,3.52387448959
gdb 4618,OC1=COC(=N)C=N1,-0.2139,-0.0756,0.1384,-5.820515469678,-2.057180783112,3.766055825168,3.766055825168
gdb 4807,[NH3+]CC1=CC([O-])=CO1,-0.1896,-0.1091,0.0805,-5.159278789391999,-2.968762214782,2.19051657461,2.19051657461
gdb 5034,[O-]C1=COC=CC1=[NH2+],-0.1837,-0.0473,0.1364,-4.998731611874,-1.287098558746,3.711633053128,3.711633053128
gdb 6059,NC(=[NH2+])C#CC([O-])=O,-0.207,-0.0825,0.1245,-5.632756906139999,-2.24493934665,3.38781755949,3.38781755949
gdb 6273,CN(C)CC(=O)C=O,-0.2234,-0.0885,0.1349,-6.079023636868,-2.40820766277,3.670815974098,3.670815974098
gdb 6683,[O-]C(=O)CCNC=[NH2+],-0.1521,-0.0755,0.0766,-4.138851813642,-2.05445964451,2.084392169132,2.084392169132
gdb 7902,CN1CC(=O)C(=O)C1,-0.2128,-0.0938,0.1191,-5.790582945055999,-2.552428008676,3.240876074982,3.240876074982
gdb 8721,O=CC(=O)C(=O)C#C,-0.257,-0.1375,0.1194,-6.99332620714,-3.74156557775,3.2490394907880003,3.2490394907880003
gdb 8723,O=CC(=O)C(=O)C=O,-0.2554,-0.1571,0.0983,-6.949787989508001,-4.274908743742,2.674879245766,2.674879245766
gdb 8779,CN=C(N)C(=O)C=O,-0.2416,-0.1024,0.1392,-6.574270862432,-2.786445928448,3.787824933984,3.787824933984
gdb 8786,CNC(=N)C(=O)C#N,-0.2522,-0.1172,0.135,-6.862711554243999,-3.189174441544,3.6735371127,3.6735371127
gdb 8792,CCC(=O)C(=O)C=O,-0.2469,-0.1131,0.1337,-6.718491208338,-3.077607758862,3.638162310874,3.638162310874
gdb 8793,CNC(=N)C(=O)C=O,-0.2355,-0.119,0.1165,-6.40828140771,-3.23815493638,3.17012647133,3.17012647133
gdb 8794,CNC(=O)C(=O)C=O,-0.2456,-0.1188,0.1268,-6.683116406512,-3.232712659176,3.450403747336,3.450403747336
gdb 8795,COC(=O)C(=O)C=O,-0.2556,-0.124,0.1315,-6.955230266711999,-3.37421186648,3.57829726163,3.57829726163
gdb 8796,OCC(=O)C(=O)C=O,-0.2478,-0.1304,0.1174,-6.742981455756,-3.548364737008,3.194616718748,3.194616718748
gdb 9986,[NH2+]=CN[C-](C#N)C#N,-0.1882,-0.0529,0.1353,-5.121182848964,-1.439482320458,3.681700528506,3.681700528506
gdb 10016,NC=[NH+][C-](C#N)C#N,-0.1882,-0.0529,0.1353,-5.121182848964,-1.439482320458,3.681700528506,3.681700528506
gdb 10785,[NH2+]=C1O[CH-]C(=O)C=C1,-0.1784,-0.0673,0.1111,-4.854511265968,-1.831326279146,3.023184986822,3.023184986822
gdb 12585,NC1=NCC(=O)C1=O,-0.2318,-0.1135,0.1182,-6.307599279436,-3.08849231327,3.216385827564,3.216385827564
gdb 12617,CC1C=CC(=O)C1=O,-0.232,-0.0935,0.1385,-6.31304155664,-2.54426459287,3.76877696377,3.76877696377
gdb 12653,CC1NCC(=O)C1=O,-0.2175,-0.0924,0.1251,-5.91847645935,-2.514332068248,3.404144391102,3.404144391102
gdb 12654,CC1OCC(=O)C1=O,-0.2373,-0.1026,0.1346,-6.457261902546,-2.791888205652,3.662652558292,3.662652558292
gdb 13588,CN1CC1C(=O)C=O,-0.2384,-0.1005,0.1379,-6.487194427168,-2.73474429501,3.752450132158,3.752450132158
gdb 16607,O=C1CN2CC2C1=O,-0.2344,-0.0952,0.1391,-6.378348883088,-2.590523949104,3.785103795382,3.785103795382
gdb 20482,C1OC2=C(O1)N=NO2,-0.227,-0.0914,0.1356,-6.17698462654,-2.487120682228,3.689863944312,3.689863944312
gdb 21134,CN=C1NN=CC=N1,-0.2157,-0.0771,0.1386,-5.869495964514,-2.097997862142,3.771498102372,3.771498102372
gdb 21364,N1C=CC2=C1ON=N2,-0.2015,-0.0678,0.1337,-5.48309428303,-1.844931972156,3.638162310874,3.638162310874
gdb 21398,N=C1N=CN=NC=N1,-0.2493,-0.1302,0.119,-6.783798534786,-3.542922459804,3.23815493638,3.23815493638
gdb 21644,NC1=NNC(=N)C=N1,-0.1976,-0.0696,0.128,-5.376969877552,-1.893912466992,3.48305741056,3.48305741056
gdb 21645,NC1=NNC(=N)N=C1,-0.2015,-0.0712,0.1303,-5.48309428303,-1.937450684624,3.545643598406,3.545643598406
gdb 21703,NC=[NH+]C1=CN=N[N-]1,-0.2007,-0.0651,0.1356,-5.461325174213999,-1.771461229902,3.689863944312,3.689863944312
gdb 21706,NC=[NH+]C1=NC=N[N-]1,-0.1917,-0.0586,0.1331,-5.216422700034,-1.594587220772,3.621835479262,3.621835479262
gdb 21741,O1C=CC2=C1ON=N2,-0.2223,-0.0828,0.1395,-6.049091112246,-2.253102762456,3.79598834979,3.79598834979
gdb 21769,O=C1C=CN=NC=C1,-0.2457,-0.1177,0.128,-6.685837545114,-3.202780134554,3.48305741056,3.48305741056
gdb 21770,O=C1N=CN=NC=N1,-0.2565,-0.1386,0.1179,-6.97972051413,-3.771498102372,3.208222411758,3.208222411758
gdb 21783,O=CC1=CN=NC=N1,-0.2547,-0.1161,0.1386,-6.930740019293999,-3.159241916922,3.771498102372,3.771498102372
gdb 21891,OC1=NNC(=N)C=N1,-0.2136,-0.079,0.1346,-5.812352053872,-2.14969949558,3.662652558292,3.662652558292
gdb 22001,ON=C1C=CC=CC=C1,-0.1925,-0.0664,0.1261,-5.23819180885,-1.806836031728,3.431355777122,3.431355777122
gdb 22029,ON=C1C=CN=NC=C1,-0.2286,-0.0977,0.1309,-6.220522844172,-2.658552414154,3.5619704300179995,3.5619704300179995
gdb 22054,CC(=N[O-])C#CC(N)=[NH2+],-0.1749,-0.0654,0.1095,-4.759271414898,-1.7796246457079998,2.97964676919,2.97964676919
gdb 22209,NC(=[NH2+])C(CC#C)=N[O-],-0.1812,-0.0435,0.1378,-4.930703146824,-1.18369529187,3.749728993556,3.749728993556
gdb 22213,NC(=[NH2+])C(CC=O)=N[O-],-0.183,-0.0452,0.1378,-4.979683641659999,-1.2299546481039998,3.749728993556,3.749728993556
gdb 22229,C[NH2+]CC(=O)C(C)=N[O-],-0.1846,-0.0568,0.1278,-5.023221859292,-1.545606725936,3.477615133356,3.477615133356
gdb 22230,C[NH2+]CC(=N[O-])C(C)=O,-0.1852,-0.064,0.1213,-5.039548690904,-1.74152870528,3.300741124226,3.300741124226
gdb 22438,C[NH+]=C(N)C(C=O)=N[O-],-0.1752,-0.0471,0.1281,-4.767434830704,-1.281656281542,3.485778549162,3.485778549162
gdb 22441,CNC(=[NH2+])C(C=O)=N[O-],-0.1752,-0.0471,0.1281,-4.767434830704,-1.281656281542,3.485778549162,3.485778549162
gdb 22482,NC=[NH+]CC(CO)=N[O-],-0.1509,-0.0707,0.0801,-4.106198150418,-1.923844991614,2.179632020202,2.179632020202
gdb 22543,C[NH2+]C(C#C)C(C)=N[O-],-0.2174,-0.1024,0.115,-5.9157553207480005,-2.786445928448,3.1293093923,3.1293093923
gdb 22652,ON=C1CNC(C=O)=C1,-0.2042,-0.0811,0.1232,-5.556565025284,-2.206843406222,3.352442757664,3.352442757664
gdb 22876,CN1C=CC(=NO)C1=N,-0.197,-0.058,0.1389,-5.36064304594,-1.57826038916,3.779661518178,3.779661518178
gdb 22971,[O-]N=C(C#N)C1CC[NH2+]1,-0.2335,-0.1059,0.1276,-6.35385863567,-2.8816857795179995,3.472172856152,3.472172856152
gdb 22973,[O-]N=C(C=O)C1CC[NH2+]1,-0.2146,-0.104,0.1105,-5.839563439892,-2.82998414608,3.00685815521,3.00685815521
gdb 22979,OCC(=N[O-])C1CC[NH2+]1,-0.2209,-0.102,0.1188,-6.010995171818,-2.77556137404,3.232712659176,3.232712659176
gdb 23066,CC(=N[O-])C12C[NH+]1CC2,-0.2035,-0.0817,0.1218,-5.53751705507,-2.223170237834,3.314346817236,3.314346817236
gdb 23140,[O-]N=C(CC#C)C1C[NH2+]1,-0.2163,-0.0979,0.1183,-5.885822796126,-2.663994691358,3.219106966166,3.219106966166
gdb 23152,COCC(=N[O-])C1C[NH2+]1,-0.2152,-0.0959,0.1193,-5.855890271504,-2.609571919318,3.246318352186,3.246318352186
gdb 23364,NC(=[NH2+])C(=N[O-])C1CN1,-0.1808,-0.049,0.1318,-4.919818592415999,-1.33335791498,3.586460677436,3.586460677436
gdb 23509,ON=C1C=C2NC3C2C13,-0.2093,-0.0738,0.1355,-5.695343093986001,-2.008200288276,3.68714280571,3.68714280571
gdb 23615,[O-]N=C(C1C[NH2+]1)C1CO1,-0.2179,-0.0976,0.1203,-5.929361013758,-2.655831275552,3.273529738206,3.273529738206
gdb 23724,FC1=CNC(=N)C=N1,-0.2063,-0.0667,0.1396,-5.613708935926,-1.814999447534,3.798709488392,3.798709488392
gdb 23840,FC1=NNC(=N)C=N1,-0.2304,-0.0913,0.1391,-6.269503339008,-2.484399543626,3.785103795382,3.785103795382
gdb 23841,FC1=NNC(=N)N=C1,-0.2303,-0.091,0.1393,-6.266782200406,-2.47623612782,3.790546072586,3.790546072586
gdb 24471,N1C=NC2=CN=CC2=C1,-0.1935,-0.056,0.1375,-5.26540319487,-1.52383761712,3.74156557775,3.74156557775
gdb 24525,N1C=CC=C2C=NC=C12,-0.1824,-0.0576,0.1248,-4.963356810048,-1.567375834752,3.395980975296,3.395980975296
gdb 24528,N1C=CN=C2C=CC=C12,-0.1857,-0.0581,0.1275,-5.053154383914,-1.5809815277619998,3.46945171755,3.46945171755
gdb 24530,N1C=CN=C2C=NC=C12,-0.1961,-0.0801,0.116,-5.336152798522,-2.179632020202,3.15652077832,3.15652077832
gdb 24535,N1C=NC=C2C=NC=C12,-0.2003,-0.0676,0.1327,-5.450440619806,-1.839489694952,3.610950924854,3.610950924854
gdb 24538,O1C=CC=C2C=CC=C12,-0.1908,-0.0598,0.131,-5.191932452615999,-1.627240883996,3.56469156862,3.56469156862
gdb 24540,O1C=CC=C2C=NC=C12,-0.2025,-0.0805,0.122,-5.51030566905,-2.19051657461,3.31978909444,3.31978909444
gdb 24543,O1C=CN=C2C=CC=C12,-0.2066,-0.0817,0.1249,-5.621872351732,-2.223170237834,3.398702113898,3.398702113898
gdb 24545,O1C=CN=C2C=NC=C12,-0.2193,-0.1038,0.1155,-5.967456954186,-2.824541868876,3.14291508531,3.14291508531
gdb 24548,O1C=NC=C2C=CC=C12,-0.2061,-0.07,0.1361,-5.608266658722,-1.9047970214,3.703469637322,3.703469637322
gdb 24550,O1C=NC=C2C=NC=C12,-0.2198,-0.091,0.1288,-5.981062647196,-2.47623612782,3.504826519376,3.504826519376
gdb 24760,O=C1C=CC2=C1C=CN2,-0.2004,-0.0747,0.1257,-5.453161758408,-2.032690535694,3.420471222714,3.420471222714
gdb 24761,O=C1C=CC2=C1C=CO2,-0.2172,-0.0914,0.1258,-5.910313043544,-2.487120682228,3.423192361316,3.423192361316
gdb 24762,O=C1C=CC2=C1N=CN2,-0.2166,-0.0863,0.1303,-5.893986211931999,-2.348342613526,3.545643598406,3.545643598406
gdb 24763,O=C1C=CC2=C1N=CO2,-0.2349,-0.1031,0.1318,-6.391954576098,-2.805493898662,3.586460677436,3.586460677436
gdb 24764,O=C1C=CC2=C1NC=C2,-0.2054,-0.0766,0.1288,-5.589218688508,-2.084392169132,3.504826519376,3.504826519376
gdb 24765,O=C1C=CC2=C1NC=N2,-0.2188,-0.0883,0.1306,-5.953851261175999,-2.402765385566,3.5538070142119995,3.5538070142119995
gdb 24766,O=C1C=CC2=C1OC=C2,-0.2233,-0.093,0.1303,-6.076302498266,-2.53065889986,3.545643598406,3.545643598406
gdb 24767,O=C1C=CC2=C1OC=N2,-0.2381,-0.1052,0.1329,-6.479031011362,-2.862637809304,3.616393202058,3.616393202058
gdb 24768,O=C1C=CC2=CC=CN12,-0.2148,-0.0826,0.1322,-5.845005717096,-2.247660485252,3.597345231844,3.597345231844
gdb 24770,O=C1C=CC2=NC=CN12,-0.2318,-0.0994,0.1324,-6.307599279436,-2.704811770388,3.6027875090479995,3.6027875090479995
gdb 24846,N=C1NC(=N)N=CC=N1,-0.2462,-0.1086,0.1376,-6.699443238124,-2.955156521772,3.744286716352,3.744286716352
gdb 24871,N=C1NC(=CC=N1)C#N,-0.2328,-0.0985,0.1343,-6.334810665456,-2.68032152297,3.654489142486,3.654489142486
gdb 24872,N=C1NC(=CN=C1)C#C,-0.2094,-0.0715,0.1378,-5.698064232588,-1.94561410043,3.749728993556,3.749728993556
gdb 24873,N=C1NC(=CN=C1)C#N,-0.2324,-0.0946,0.1378,-6.323926111047999,-2.574197117492,3.749728993556,3.749728993556
gdb 25164,N=C1NC=CN=C1C#N,-0.2292,-0.0943,0.1349,-6.236849675784,-2.566033701686,3.670815974098,3.670815974098
gdb 25197,N=C1NC=CN=CC1=O,-0.2303,-0.0969,0.1334,-6.266782200406,-2.636783305338,3.629998895068,3.629998895068
gdb 25304,O=CC(=O)N1C=CC=C1,-0.2326,-0.102,0.1306,-6.329368388252,-2.77556137404,3.5538070142119995,3.5538070142119995
gdb 25305,O=CC(=O)N1C=CN=C1,-0.254,-0.1149,0.1391,-6.91169204908,-3.126588253698,3.785103795382,3.785103795382
gdb 25328,N=C1C=C(NC=N1)C=O,-0.2286,-0.0904,0.1382,-6.220522844172,-2.459909296208,3.760613547964,3.760613547964
gdb 25330,N=C1C=CNC(C=O)=N1,-0.2222,-0.091,0.1312,-6.046369973644,-2.47623612782,3.5701338458240004,3.5701338458240004
gdb 25340,N=C1OC=CC(C=O)=C1,-0.2318,-0.0925,0.1393,-6.307599279436,-2.51705320685,3.790546072586,3.790546072586
gdb 25341,N=C1OC=CC(C=O)=N1,-0.2482,-0.1116,0.1365,-6.753866010164,-3.036790679832,3.71435419173,3.71435419173
gdb 25382,N=C1NC(C=O)=CN=C1,-0.2243,-0.0999,0.1244,-6.103513884286,-2.718417463398,3.385096420888,3.385096420888
gdb 25383,N=C1NC(C=O)=NC=C1,-0.2298,-0.0982,0.1316,-6.253176507396,-2.672158107164,3.581018400232,3.581018400232
gdb 25384,N=C1NC(C=O)=NC=N1,-0.2491,-0.1142,0.1349,-6.778356257582,-3.107540283484,3.670815974098,3.670815974098
gdb 25385,N=C1OC(C=O)=CC=C1,-0.2331,-0.0944,0.1387,-6.342974081262,-2.568754840288,3.774219240974,3.774219240974
gdb 25386,N=C1OC(C=O)=CC=N1,-0.2512,-0.1143,0.1369,-6.835500168223999,-3.110261422086,3.725238746138,3.725238746138
gdb 25400,N=C1NC=CN=C1C=O,-0.2227,-0.0888,0.1339,-6.059975666654,-2.416371078576,3.643604588078,3.643604588078
gdb 25531,[NH2+]=CNC1=COC(=O)[N-]1,-0.1544,-0.056,0.0984,-4.201438001488,-1.52383761712,2.677600384368,2.677600384368
gdb 25821,NC(=[NH2+])C1=NC=C([O-])N1,-0.1857,-0.0482,0.1375,-5.053154383914,-1.311588806164,3.74156557775,3.74156557775
gdb 25860,NC(=[NH2+])C1=CNC(=O)[N-]1,-0.1581,-0.0481,0.11,-4.302120129762,-1.308867667562,2.9932524622,2.9932524622
gdb 26187,CC([NH3+])C1=CC([O-])=CO1,-0.1827,-0.1038,0.0789,-4.971520225853999,-2.824541868876,2.146978356978,2.146978356978
gdb 26539,CC1=C([O-])C(=[NH2+])C=CO1,-0.175,-0.0432,0.1318,-4.7619925535,-1.175531876064,3.586460677436,3.586460677436
gdb 26861,CC1=C(N)N=CC(=N)O1,-0.1974,-0.0653,0.1321,-5.371527600347999,-1.7769035071059998,3.594624093242,3.594624093242
gdb 26863,CC1=C(N)N=CC(=O)O1,-0.2121,-0.0753,0.1368,-5.771534974842,-2.049017367306,3.722517607536,3.722517607536
gdb 26877,CC1=C(O)N=CC(=N)N1,-0.1834,-0.0544,0.129,-4.990568196068,-1.4802993994879998,3.51026879658,3.51026879658
gdb 26878,CC1=C(O)N=CC(=N)O1,-0.2054,-0.0731,0.1323,-5.589218688508,-1.989152318062,3.600066370446,3.600066370446
gdb 26880,CC1=C(O)N=CC(=O)O1,-0.223,-0.0835,0.1395,-6.06813908246,-2.27215073267,3.79598834979,3.79598834979
gdb 26905,NC1=C(O)N=CC(=N)O1,-0.1841,-0.0556,0.1285,-5.009616166282,-1.5129530627119998,3.49666310357,3.49666310357
gdb 26907,NC1=C(O)N=CC(=O)O1,-0.1969,-0.065,0.132,-5.357921907338,-1.7687400913,3.59190295464,3.59190295464
gdb 26912,NC1=C(O)OC(=N)C=N1,-0.1857,-0.0583,0.1274,-5.053154383914,-1.5864238049659998,3.4667305789480003,3.4667305789480003
gdb 26915,NC1=C(O)OC(=O)C=N1,-0.1996,-0.0714,0.1283,-5.431392649592,-1.942892961828,3.491220826366,3.491220826366
gdb 26921,OC1=C(O)N=CC(=N)N1,-0.1808,-0.0476,0.1332,-4.919818592415999,-1.295261974552,3.624556617864,3.624556617864
gdb 26922,OC1=C(O)N=CC(=N)O1,-0.197,-0.0655,0.1315,-5.36064304594,-1.78234578431,3.57829726163,3.57829726163
gdb 27294,CC1=CC(=[NH2+])C([O-])=CO1,-0.1772,-0.0427,0.1346,-4.821857602744,-1.161926183054,3.662652558292,3.662652558292
gdb 27431,NC1=CC(=N)C=NC=N1,-0.213,-0.077,0.1361,-5.79602522226,-2.09527672354,3.703469637322,3.703469637322
gdb 27438,NC1=CC(=O)N=CC=N1,-0.2314,-0.0927,0.1386,-6.296714725028,-2.522495484054,3.771498102372,3.771498102372
gdb 28830,NC1=CC=CC(=O)C=N1,-0.2094,-0.0745,0.1349,-5.698064232588,-2.02724825849,3.670815974098,3.670815974098
gdb 28836,NC1=CN=CC(=N)C=N1,-0.2051,-0.0731,0.132,-5.581055272702,-1.989152318062,3.59190295464,3.59190295464
gdb 28839,NC1=CN=CC(=O)C=N1,-0.2194,-0.0871,0.1324,-5.970178092788,-2.370111722342,3.6027875090479995,3.6027875090479995
gdb 28851,OC1=CC=CC(=O)C=N1,-0.229,-0.0898,0.1392,-6.23140739858,-2.443582464596,3.787824933984,3.787824933984
gdb 29051,NC1=CN=CC=NC1=N,-0.2117,-0.0824,0.1294,-5.760650420434,-2.242218208048,3.5211533509879995,3.5211533509879995
gdb 29052,NC1=CN=CC=NC1=O,-0.2283,-0.0922,0.1361,-6.212359428366,-2.508889791044,3.703469637322,3.703469637322
gdb 29053,NC1=CN=CN=CC1=N,-0.2087,-0.0766,0.1321,-5.679016262374,-2.084392169132,3.594624093242,3.594624093242
gdb 29054,NC1=CN=CN=CC1=O,-0.2243,-0.0867,0.1377,-6.103513884286,-2.359227167934,3.747007854954,3.747007854954
gdb 29144,CC1=NC(N)=COC1=N,-0.1952,-0.0564,0.1388,-5.311662551104,-1.534722171528,3.776940379576,3.776940379576
gdb 29558,CC1=COC=C([O-])C1=[NH2+],-0.1805,-0.0446,0.1359,-4.91165517661,-1.213627816492,3.698027360118,3.698027360118
gdb 29564,NC1=COC=C([O-])C1=[NH2+],-0.1799,-0.0476,0.1323,-4.895328344998,-1.295261974552,3.600066370446,3.600066370446
gdb 29822,CN1C=C(N)N=CC1=O,-0.1934,-0.0563,0.1371,-5.262682056268,-1.532001032926,3.730681023342,3.730681023342
gdb 29825,CN1C=C(O)N=CC1=N,-0.1846,-0.0544,0.1303,-5.023221859292,-1.4802993994879998,3.545643598406,3.545643598406
gdb 30457,CN=C1NC=C(O)C=N1,-0.1839,-0.0524,0.1315,-5.004173889078,-1.425876627448,3.57829726163,3.57829726163
gdb 30458,CN=C1NC=C(O)N=C1,-0.1825,-0.0595,0.123,-4.96607794865,-1.61907746819,3.34700048046,3.34700048046
gdb 30464,CN=C1OC=C(N)N=C1,-0.1952,-0.0612,0.134,-5.311662551104,-1.665336824424,3.64632572668,3.64632572668
gdb 30466,CN=C1OC=C(O)N=C1,-0.2077,-0.0707,0.137,-5.651804876353999,-1.923844991614,3.72795988474,3.72795988474
gdb 30538,NC=[NH+]C1=CC=C([O-])O1,-0.1665,-0.0602,0.1063,-4.53069577233,-1.6381254384039998,2.8925703339260003,2.8925703339260003
gdb 30540,NC=[NH+]C1=CN=C(O)[N-]1,-0.1563,-0.0502,0.1061,-4.253139634926,-1.366011578204,2.887128056722,2.887128056722
gdb 30546,NC=[NH+]C1=C[N-]C(=N)O1,-0.1663,-0.0642,0.1021,-4.525253495126,-1.7469709824839998,2.778282512642,2.778282512642
gdb 30549,NC=[NH+]C1=COC(=O)[N-]1,-0.1544,-0.056,0.0984,-4.201438001488,-1.52383761712,2.677600384368,2.677600384368
gdb 30552,NC=[NH+]C1=COC([O-])=N1,-0.1542,-0.0718,0.0825,-4.195995724284,-1.953777516236,2.24493934665,2.24493934665
gdb 30706,CC1=C(C[NH3+])OC=C1[O-],-0.181,-0.1039,0.0772,-4.92526086962,-2.827263007478,2.100719000744,2.100719000744
gdb 30762,NC1=COC(C[NH3+])=C1[O-],-0.2132,-0.0767,0.1365,-5.801467499464,-2.087113307734,3.71435419173,3.71435419173
gdb 31171,NC1=COC([O-])=C1C[NH3+],-0.1913,-0.0567,0.1345,-5.205538145626,-1.542885587334,3.65993141969,3.65993141969
gdb 32344,CNC1=CNC(=O)C=N1,-0.1893,-0.0563,0.133,-5.151115373585999,-1.532001032926,3.61911434066,3.61911434066
gdb 32347,CNC1=COC(=N)C=N1,-0.1965,-0.0644,0.1321,-5.34703735293,-1.752413259688,3.594624093242,3.594624093242
gdb 32350,CNC1=COC(=O)C=N1,-0.2089,-0.0787,0.1302,-5.684458539578,-2.141536079774,3.542922459804,3.542922459804
gdb 32352,COC1=CNC(=N)C=N1,-0.1841,-0.0564,0.1277,-5.009616166282,-1.534722171528,3.4748939947540003,3.4748939947540003
gdb 32357,COC1=COC(=N)C=N1,-0.2073,-0.0727,0.1345,-5.640920321946,-1.978267763654,3.65993141969,3.65993141969
gdb 32360,COC1=COC(=O)C=N1,-0.2253,-0.0869,0.1384,-6.130725270306,-2.364669445138,3.766055825168,3.766055825168
gdb 32866,C[NH2+]CC1=CC([O-])=CO1,-0.1902,-0.1097,0.0805,-5.175605621004,-2.985089046394,2.19051657461,2.19051657461
gdb 34480,C#CC1=C2CC3C2N3C1,-0.2079,-0.0688,0.1391,-5.657247153558,-1.872143358176,3.785103795382,3.785103795382
gdb 36993,C1=C2C3C4C1C1C2C3N41,-0.186,-0.0825,0.1035,-5.061317799719999,-2.24493934665,2.81637845307,2.81637845307
gdb 36994,C1=C2C3C4C1C1C4C3C21,-0.183,-0.068,0.115,-4.979683641659999,-1.85037424936,3.1293093923,3.1293093923
gdb 37079,C1C2=CC3C=C1C1C2N31,-0.2067,-0.1232,0.0835,-5.624593490334,-3.352442757664,2.27215073267,2.27215073267
gdb 37080,C1C2=CC3C=C1C1C3C21,-0.1936,-0.1095,0.0841,-5.268124333472,-2.97964676919,2.288477564282,2.288477564282
gdb 37081,C1C2=CC3N=C1N1C3C21,-0.2167,-0.1117,0.105,-5.896707350534,-3.039511818434,2.8571955321,2.8571955321
gdb 37493,C1C2C3C1C1C=C3CC21,-0.1873,-0.0664,0.1208,-5.096692601546,-1.806836031728,3.287135431216,3.287135431216
gdb 37495,C1C2C3C1N1CC3=CC21,-0.1912,-0.0812,0.11,-5.202817007024,-2.209564544824,2.9932524622,2.9932524622
gdb 37496,C1C2C3N1C1C=C3CC21,-0.1975,-0.0734,0.1241,-5.37424873895,-1.997315733868,3.376933005082,3.376933005082
gdb 37497,C1C2C3N1C1CC3=CC21,-0.1892,-0.0672,0.122,-5.148394234984,-1.828605140544,3.31978909444,3.31978909444
gdb 37498,N1C2C3C1C1N=C3OC21,-0.2011,-0.0645,0.1366,-5.472209728622,-1.75513439829,3.717075330332,3.717075330332
gdb 37499,O1C2C3C1C1N=C3OC21,-0.2179,-0.1151,0.1028,-5.929361013758,-3.132030530902,2.797330482856,2.797330482856
gdb 37750,C1C2C3C=C4C=CC13C24,-0.1704,-0.0506,0.1198,-4.636820177808,-1.376896132612,3.259924045196,3.259924045196
gdb 37751,C1N2C3C=C4C=CC13C24,-0.1709,-0.0574,0.1135,-4.650425870818,-1.561933557548,3.08849231327,3.08849231327
gdb 37992,C1C2C=C3C=C1C1C3N21,-0.1658,-0.1282,0.0376,-4.511647802116,-3.488499687764,1.023148114352,1.023148114352
gdb 41211,C1CC23CC4(CCC24)C13,-0.182,-0.0429,0.1391,-4.95247225564,-1.167368460258,3.785103795382,3.785103795382
gdb 41213,C1CC23CC4(COC24)C13,-0.186,-0.0492,0.1368,-5.061317799719999,-1.338800192184,3.722517607536,3.722517607536
gdb 41215,C1CC23CC4(OCC24)C13,-0.1814,-0.055,0.1264,-4.936145424028,-1.4966262311,3.439519192928,3.439519192928
gdb 42212,O=C(C#N)C1=NCCN1,-0.2491,-0.1116,0.1375,-6.778356257582,-3.036790679832,3.74156557775,3.74156557775
gdb 42744,O=C1C2NC(C=C2)C1=O,-0.2117,-0.0744,0.1373,-5.760650420434,-2.024527119888,3.736123300546,3.736123300546
gdb 43128,O=C1C2CCC(N2)C1=O,-0.2174,-0.0833,0.134,-5.9157553207480005,-2.266708455466,3.64632572668,3.64632572668
gdb 43129,O=C1C2CCC(O2)C1=O,-0.2289,-0.0908,0.1381,-6.228686259978,-2.470793850616,3.757892409362,3.757892409362
gdb 43131,O=C1C2COC(O2)C1=O,-0.2386,-0.1004,0.1382,-6.492636704372,-2.732023156408,3.760613547964,3.760613547964
gdb 43243,O=C1C=C2C=CC3C2N13,-0.2126,-0.1412,0.0714,-5.7851406678520005,-3.842247706024,1.942892961828,1.942892961828
gdb 43263,O=C1C=CC(C#C)C1=O,-0.2391,-0.1021,0.137,-6.506242397382,-2.778282512642,3.72795988474,3.72795988474
gdb 43275,O=C1C=CC2(CN2)C1=O,-0.2334,-0.0961,0.1373,-6.351137497068,-2.615014196522,3.736123300546,3.736123300546
gdb 43276,O=C1C=CC2(CO2)C1=O,-0.2409,-0.1028,0.1381,-6.555222892218,-2.797330482856,3.757892409362,3.757892409362
gdb 43503,N=C1NC(=CC1=O)C#C,-0.2366,-0.0981,0.1385,-6.438213932332,-2.669436968562,3.76877696377,3.76877696377
gdb 43504,N=C1NC(=CC1=O)C#N,-0.2605,-0.1221,0.1384,-7.08856605821,-3.322510233042,3.766055825168,3.766055825168
gdb 43505,O=C1CC(=CC1=O)C#C,-0.2377,-0.1077,0.13,-6.468146456954,-2.930666274354,3.5374801826,3.5374801826
gdb 43506,O=C1CC(=CC1=O)C#N,-0.2589,-0.1319,0.1269,-7.045027840578,-3.589181816038,3.453124885938,3.453124885938
gdb 43507,O=C1NC(=CC1=O)C#C,-0.2457,-0.1094,0.1363,-6.685837545114,-2.976925630588,3.708911914526,3.708911914526
gdb 45456,O=C1CC2COC2C1=O,-0.2333,-0.097,0.1362,-6.348416358466,-2.63950444394,3.706190775924,3.706190775924
gdb 45458,O=C1CN2CCC2C1=O,-0.216,-0.0969,0.1191,-5.87765938032,-2.636783305338,3.240876074982,3.240876074982
gdb 45606,N=C1NC=C(C#C)C1=O,-0.2233,-0.088,0.1353,-6.076302498266,-2.39460196976,3.681700528506,3.681700528506
gdb 45608,O=C1CC=C(C#C)C1=O,-0.2397,-0.1006,0.1391,-6.522569228994,-2.737465433612,3.785103795382,3.785103795382
gdb 45609,O=C1CC=C(C#N)C1=O,-0.2603,-0.1211,0.1392,-7.083123781005999,-3.295298847022,3.787824933984,3.787824933984
gdb 45610,O=C1NC=C(C#C)C1=O,-0.2354,-0.1045,0.1309,-6.405560269107999,-2.84358983909,3.5619704300179995,3.5619704300179995
gdb 45714,N=C1NC=CC(=O)C1=O,-0.2444,-0.1122,0.1321,-6.650462743288,-3.053117511444,3.594624093242,3.594624093242
gdb 45715,O=C1CC=CC(=O)C1=O,-0.2464,-0.1236,0.1228,-6.704885515328,-3.363327312072,3.341558203256,3.341558203256
gdb 45716,O=C1NC=CC(=O)C1=O,-0.2511,-0.1277,0.1234,-6.832779029622,-3.4748939947540003,3.357885034868,3.357885034868
gdb 46028,O=C1CNC(C#C)C1=O,-0.2247,-0.098,0.1267,-6.114398438694,-2.66671582996,3.447682608734,3.447682608734
gdb 46029,O=C1COC(C#C)C1=O,-0.2416,-0.107,0.1347,-6.574270862432,-2.91161830414,3.665373696894,3.665373696894
gdb 46474,O=C1CCC2(CN2)C1=O,-0.2313,-0.0925,0.1388,-6.293993586426,-2.51705320685,3.776940379576,3.776940379576
gdb 46475,O=C1CCC2(CO2)C1=O,-0.2376,-0.1027,0.1349,-6.465425318352,-2.794609344254,3.670815974098,3.670815974098
gdb 46476,O=C1CNC2(CC2)C1=O,-0.2178,-0.0895,0.1283,-5.926639875156,-2.43541904879,3.491220826366,3.491220826366
gdb 46477,O=C1COC2(CC2)C1=O,-0.2367,-0.0989,0.1379,-6.440935070934,-2.691206077378,3.752450132158,3.752450132158
gdb 47268,N=C1NCCC(=O)C1=O,-0.248,-0.11,0.1381,-6.74842373296,-2.9932524622,3.757892409362,3.757892409362
gdb 47272,O=C1CCCC(=O)C1=O,-0.2415,-0.1166,0.125,-6.57154972383,-3.1728476099319995,3.4014232525,3.4014232525
gdb 47273,O=C1CCNC(=O)C1=O,-0.2459,-0.1109,0.135,-6.691279822318,-3.017742709618,3.6735371127,3.6735371127
gdb 47274,O=C1CCOC(=O)C1=O,-0.2611,-0.1276,0.1335,-7.104892889822,-3.472172856152,3.63272003367,3.63272003367
gdb 47275,O=C1CNCC(=O)C1=O,-0.2458,-0.1201,0.1257,-6.688558683716,-3.268087461002,3.420471222714,3.420471222714
gdb 47276,O=C1COCC(=O)C1=O,-0.2531,-0.1311,0.122,-6.887201801661999,-3.567412707222,3.31978909444,3.31978909444
gdb 47284,O=C1CNCC(=O)C=C1,-0.2293,-0.0992,0.1302,-6.239570814386,-2.699369493184,3.542922459804,3.542922459804
gdb 48053,O=CC(=O)C(=O)C1CC1,-0.2448,-0.1119,0.1328,-6.661347297696,-3.044954095638,3.613672063456,3.613672063456
gdb 48054,O=CC(=O)C(=O)C1CN1,-0.2545,-0.1213,0.1332,-6.92529774209,-3.300741124226,3.624556617864,3.624556617864
gdb 48055,O=CC(=O)C(=O)C1CO1,-0.2537,-0.1244,0.1293,-6.903528633273999,-3.385096420888,3.518432212386,3.518432212386
gdb 48057,O=CC(=O)C(=O)CC#C,-0.2525,-0.1218,0.1307,-6.87087497005,-3.314346817236,3.5565281528140003,3.5565281528140003
gdb 48072,O=CC(=O)C12CN(C1)C2,-0.2307,-0.1051,0.1257,-6.277666754814,-2.859916670702,3.420471222714,3.420471222714
gdb 48080,O=CC(=O)C1=CCOC1,-0.2485,-0.1098,0.1386,-6.76202942597,-2.987810184996,3.771498102372,3.771498102372
gdb 48081,O=CC(=O)C1=CNCC1,-0.2088,-0.0747,0.1341,-5.681737400976,-2.032690535694,3.649046865282,3.649046865282
gdb 48082,O=CC(=O)C1=NCCN1,-0.2419,-0.1084,0.1335,-6.582434278238,-2.949714244568,3.63272003367,3.63272003367
gdb 48132,O=CC(=O)C1OCC=C1,-0.2349,-0.0994,0.1355,-6.391954576098,-2.704811770388,3.68714280571,3.68714280571
gdb 48158,O=CC(=O)CN1CCC1,-0.2204,-0.0859,0.1345,-5.997389478808,-2.337458059118,3.65993141969,3.65993141969
gdb 48180,O=CC(=O)CNCC#C,-0.2341,-0.104,0.1301,-6.370185467282,-2.82998414608,3.540201321202,3.540201321202
gdb 48181,O=CC(=O)CNCC#N,-0.2517,-0.115,0.1367,-6.849105861234,-3.1293093923,3.719796468934,3.719796468934
gdb 49106,O=CC1=C(NCC1)C=O,-0.2225,-0.092,0.1305,-6.05453338945,-2.50344751384,3.55108587561,3.55108587561
gdb 49109,O=CC1=C2CC3C2N3C1,-0.2323,-0.0937,0.1386,-6.321204972446,-2.549706870074,3.771498102372,3.771498102372
gdb 49118,N=C1NC(C=O)=CC1=O,-0.2503,-0.1236,0.1266,-6.811009920806001,-3.363327312072,3.444961470132,3.444961470132
gdb 49119,O=CC1=CC(=O)C(=O)C1,-0.2484,-0.1302,0.1183,-6.759308287368,-3.542922459804,3.219106966166,3.219106966166
gdb 49120,O=CC1=CC(=O)C(=O)N1,-0.2576,-0.1338,0.1238,-7.009653038752,-3.640883449476,3.368769589276,3.368769589276
gdb 49129,O=CC1=CC(=O)CC1=O,-0.2538,-0.1255,0.1283,-6.906249771876,-3.41502894551,3.491220826366,3.491220826366
gdb 49134,O=CC1=CC(=O)CNC1,-0.2279,-0.1023,0.1256,-6.201474873958,-2.783724789846,3.4177500841119994,3.4177500841119994
gdb 49206,O=CC1=CCC(=O)C1=O,-0.2418,-0.1088,0.133,-6.579713139636,-2.960598798976,3.61911434066,3.61911434066
gdb 49207,O=CC1=CNC(=O)C1=O,-0.2487,-0.1147,0.134,-6.767471703174,-3.121145976494,3.64632572668,3.64632572668
gdb 49699,O=C[C-]1C2C[NH2+]C12C=O,-0.2407,-0.1111,0.1296,-6.549780615014,-3.023184986822,3.526595628192,3.526595628192
gdb 50450,[NH2+]=C1NC[C-](C=O)C1=O,-0.1906,-0.0513,0.1393,-5.186490175412,-1.395944102826,3.790546072586,3.790546072586
gdb 50806,N=CNC(=N)C(=O)C#N,-0.2651,-0.1322,0.1329,-7.213738433902,-3.597345231844,3.616393202058,3.616393202058
gdb 50811,N=C(NC=O)C(=O)C=O,-0.2537,-0.1376,0.1161,-6.903528633273999,-3.744286716352,3.159241916922,3.159241916922
gdb 50813,N=CNC(=N)C(=O)C=O,-0.2443,-0.1286,0.1156,-6.647741604686,-3.499384242172,3.145636223912,3.145636223912
gdb 50814,N=CNC(=O)C(=O)C=O,-0.2496,-0.1288,0.1208,-6.791961950592,-3.504826519376,3.287135431216,3.287135431216
gdb 50815,N=COC(=O)C(=O)C=O,-0.2657,-0.1364,0.1293,-7.230065265514,-3.711633053128,3.518432212386,3.518432212386
gdb 50816,O=CNC(=O)C(=O)C=O,-0.2604,-0.1394,0.121,-7.085844919608,-3.793267211188,3.29257770842,3.29257770842
gdb 52386,O=CCNCC(=O)C=O,-0.2429,-0.1085,0.1344,-6.609645664258,-2.95243538317,3.657210281088,3.657210281088
gdb 52387,O=CCOCC(=O)C=O,-0.2465,-0.1131,0.1334,-6.70760665393,-3.077607758862,3.629998895068,3.629998895068
gdb 52510,CC#CC(=O)C(=O)C=O,-0.2476,-0.1273,0.1202,-6.737539178552,-3.464009440346,3.270808599604,3.270808599604
gdb 53779,CC(=O)C(=O)C(=O)C#C,-0.2497,-0.1112,0.1385,-6.794683089194,-3.025906125424,3.76877696377,3.76877696377
gdb 53780,CC(=O)C(=O)C(=O)C#N,-0.2734,-0.1415,0.1319,-7.439592937867999,-3.85041112183,3.589181816038,3.589181816038
gdb 53785,CC(=O)C(=O)C(=O)C=O,-0.248,-0.1195,0.1285,-6.74842373296,-3.25176062939,3.49666310357,3.49666310357
gdb 53787,NC(=O)C(=O)C(=O)C=O,-0.2506,-0.129,0.1216,-6.819173336612,-3.51026879658,3.308904540032,3.308904540032
gdb 53892,[O-]C(=O)C(=O)CNC=[NH2+],-0.1725,-0.0824,0.0901,-4.69396408845,-2.242218208048,2.451745880402,2.451745880402
gdb 54449,[O-]C(=O)C12CN1C(=[NH2+])C2,-0.2179,-0.0804,0.1376,-5.929361013758,-2.187795436008,3.744286716352,3.744286716352
gdb 54487,[O-]C(=O)C12CN1C=[NH+]C2,-0.1965,-0.0955,0.101,-5.34703735293,-2.59868736491,2.74834998802,2.74834998802
gdb 54618,NC(=[NH2+])C1=CC(=O)[CH-]N1,-0.1408,-0.0577,0.083,-3.831363151616,-1.570096973354,2.25854503966,2.25854503966
gdb 54619,NC(=[NH2+])C1=CC(=O)N[CH-]1,-0.1341,-0.0456,0.0886,-3.649046865282,-1.240839202512,2.410928801372,2.410928801372
gdb 54624,[O-]C(=O)C1=CC(=[NH2+])NC1,-0.1797,-0.0746,0.1051,-4.889886067794,-2.029969397092,2.859916670702,2.859916670702
gdb 54657,[O-]C(=O)C1=CNC(=[NH2+])C1,-0.1648,-0.0704,0.0944,-4.484436416096,-1.915681575808,2.568754840288,2.568754840288
gdb 55400,[O-]C(=O)C1CNC=[NH+]C1,-0.1657,-0.0595,0.1062,-4.508926663513999,-1.61907746819,2.889849195324,2.889849195324
gdb 55499,CC(=[NH2+])NC(=N)C([O-])=O,-0.211,-0.0716,0.1394,-5.741602450219999,-1.948335239032,3.793267211188,3.793267211188
gdb 55611,CC(=[NH2+])N[C-](C#N)C#N,-0.1848,-0.0488,0.136,-5.028664136495999,-1.327915637776,3.70074849872,3.70074849872
gdb 55619,NC(=[NH2+])C[C-](C#N)C#N,-0.1865,-0.05,0.1365,-5.07492349273,-1.360569301,3.71435419173,3.71435419173
gdb 57181,NC(=[NH2+])[C-](O)C(=O)C=O,-0.1833,-0.0737,0.1096,-4.987847057465999,-2.005479149674,2.982367907792,2.982367907792
gdb 57736,CC(N)=[NH+][C-](C#N)C#N,-0.1848,-0.0488,0.136,-5.028664136495999,-1.327915637776,3.70074849872,3.70074849872
gdb 57835,CN(C)C(=N)C(=O)C#N,-0.2497,-0.1137,0.136,-6.794683089194,-3.093934590474,3.70074849872,3.70074849872
gdb 57838,CC(C)C(=O)C(=O)C=O,-0.2449,-0.111,0.1339,-6.664068436298,-3.02046384822,3.643604588078,3.643604588078
gdb 57839,CC(O)C(=O)C(=O)C=O,-0.2602,-0.1248,0.1354,-7.080402642404,-3.395980975296,3.684421667108,3.684421667108
gdb 57840,CN(C)C(=N)C(=O)C=O,-0.2297,-0.1063,0.1234,-6.250455368793999,-2.8925703339260003,3.357885034868,3.357885034868
gdb 58180,CC(N(C)C)C(=O)C=O,-0.22,-0.0954,0.1246,-5.9865049244,-2.595966226308,3.390538698092,3.390538698092
gdb 60523,OC(C1CN1)C(=O)C=O,-0.2498,-0.1157,0.1342,-6.797404227795999,-3.148357362514,3.651768003884,3.651768003884
gdb 60718,CN(C=[NH2+])C(=N)C([O-])=O,-0.1989,-0.0746,0.1243,-5.412344679377999,-2.029969397092,3.382375282286,3.382375282286
gdb 60780,CN(C=[NH2+])[C-](C#N)C#N,-0.1834,-0.049,0.1343,-4.990568196068,-1.33335791498,3.654489142486,3.654489142486
gdb 61386,CN(CC(=O)C=O)C=O,-0.2475,-0.1133,0.1343,-6.73481803995,-3.083050036066,3.654489142486,3.654489142486
gdb 61435,NC(=[NH2+])CC(O)C([O-])=O,-0.1802,-0.0554,0.1248,-4.903491760804,-1.507510785508,3.395980975296,3.395980975296
gdb 61440,NC(CC([O-])=O)C(N)=[NH2+],-0.1732,-0.0481,0.1251,-4.713012058664,-1.308867667562,3.404144391102,3.404144391102
gdb 61757,OC(CC=O)C(=O)C=O,-0.2548,-0.1208,0.134,-6.933461157896001,-3.287135431216,3.64632572668,3.64632572668
gdb 63198,CC1(C)C=CC(=O)C1=O,-0.2299,-0.0921,0.1377,-6.255897645998,-2.506168652442,3.747007854954,3.747007854954
gdb 63199,CC1(O)C=CC(=O)C1=O,-0.2374,-0.0989,0.1385,-6.459983041148,-2.691206077378,3.76877696377,3.76877696377
gdb 64068,CC1(C)OCC(=O)C1=O,-0.2337,-0.0998,0.1339,-6.359300912874,-2.715696324796,3.643604588078,3.643604588078
gdb 66492,CC12C3C1C1=CC2C3C1,-0.188,-0.0703,0.1177,-5.11574057176,-1.912960437206,3.202780134554,3.202780134554
gdb 66493,CC12C3C1C1=CC2N3C1,-0.1926,-0.0872,0.1054,-5.240912947451999,-2.372832860944,2.868080086508,2.868080086508
gdb 66497,OC12C3C1C1=CC2C3C1,-0.1915,-0.0751,0.1164,-5.21098042283,-2.043575090102,3.167405332728,3.167405332728
gdb 66498,OC12C3C1C1=CC2N3C1,-0.1958,-0.093,0.1027,-5.327989382716,-2.53065889986,2.794609344254,2.794609344254
gdb 66499,OC12C3C1C1=NC2C3O1,-0.2087,-0.0709,0.1377,-5.679016262374,-1.929287268818,3.747007854954,3.747007854954
gdb 66500,CC12C3C1C1=CC3C2C1,-0.1882,-0.0696,0.1186,-5.121182848964,-1.893912466992,3.227270381972,3.227270381972
gdb 66501,CC12C3C1C1=CC3N2C1,-0.193,-0.0865,0.1065,-5.25179750186,-2.35378489073,2.89801261113,2.89801261113
gdb 66504,CC12C3N1C1C=C3CC21,-0.202,-0.0833,0.1188,-5.49669997604,-2.266708455466,3.232712659176,3.232712659176
gdb 66505,OC12C3C1C1=CC3C2C1,-0.1917,-0.0743,0.1174,-5.216422700034,-2.021805981286,3.194616718748,3.194616718748
gdb 66506,OC12C3C1C1=NC3C2O1,-0.2069,-0.0703,0.1366,-5.630035767538,-1.912960437206,3.717075330332,3.717075330332
gdb 66596,CC12C3C1C1C=C2CC31,-0.1897,-0.0704,0.1193,-5.161999927994,-1.915681575808,3.246318352186,3.246318352186
gdb 66598,CC12C3C1N1CC2=CC31,-0.1931,-0.0867,0.1064,-5.254518640462,-2.359227167934,2.895291472528,2.895291472528
gdb 66599,CC12C3C4C=C1CC4N23,-0.2011,-0.0789,0.1222,-5.472209728622,-2.146978356978,3.325231371644,3.325231371644
gdb 66600,CC12C3C4CC1=CC4N23,-0.2035,-0.084,0.1195,-5.53751705507,-2.2857564256800003,3.25176062939,3.25176062939
gdb 66601,OC12C3C1C1C=C2CC31,-0.1967,-0.0752,0.1215,-5.352479630134,-2.046296228704,3.30618340143,3.30618340143
gdb 66602,OC12C3C1C1N=C2NC31,-0.1913,-0.0775,0.1138,-5.205538145626,-2.10888241655,3.096655729076,3.096655729076
gdb 70164,CC12CN1CC(=O)C2=O,-0.2313,-0.0927,0.1386,-6.293993586426,-2.522495484054,3.771498102372,3.771498102372
gdb 71536,NC12CC3C1NC23C#N,-0.1378,-0.0659,0.0719,-3.749728993556,-1.793230338718,1.956498654838,1.956498654838
gdb 72317,NC12CN=C3OC1C23O,-0.1845,-0.0669,0.1175,-5.020500720689999,-1.820441724738,3.1973378573499995,3.1973378573499995
gdb 72319,OC12CN=C3NC1C23O,-0.1821,-0.0521,0.13,-4.955193394242,-1.417713211642,3.5374801826,3.5374801826
gdb 73783,NC1=C(N)C(=O)NC1=O,-0.2025,-0.0642,0.1383,-5.51030566905,-1.7469709824839998,3.763334686566,3.763334686566
gdb 74200,CC1=CC(=[NH2+])O[CH-]C1=O,-0.1745,-0.0584,0.1161,-4.748386860489999,-1.589144943568,3.159241916922,3.159241916922
gdb 74202,CC1=CC(=O)[CH-]OC1=[NH2+],-0.1754,-0.0626,0.1128,-4.772877107908,-1.703432764852,3.069444343056,3.069444343056
gdb 74242,NC1=[NH+][C-](C#N)C(=O)C1,-0.179,-0.0477,0.1313,-4.870838097579999,-1.2979831131539998,3.572854984426,3.572854984426
gdb 75170,NC1=[NH+]C[C-](C=O)C1=O,-0.1906,-0.0513,0.1393,-5.186490175412,-1.395944102826,3.790546072586,3.790546072586
gdb 75416,NC1=NCCC(=O)C1=O,-0.2409,-0.1021,0.1388,-6.555222892218,-2.778282512642,3.776940379576,3.776940379576
gdb 80156,CC1C2N1CC(=O)C2=O,-0.231,-0.0941,0.137,-6.28583017062,-2.560591424482,3.72795988474,3.72795988474
gdb 81904,CC1N2CC2C(=O)C1=O,-0.2305,-0.0921,0.1384,-6.27222447761,-2.506168652442,3.766055825168,3.766055825168
gdb 84062,CC1C=C(C)C(=O)C1=O,-0.2292,-0.0903,0.139,-6.236849675784,-2.457188157606,3.78238265678,3.78238265678
gdb 84063,CC1N=C(N)C(=O)C1=O,-0.2287,-0.1116,0.117,-6.223243982773999,-3.036790679832,3.1837321643400003,3.1837321643400003
gdb 84064,CN1C=C(C)C(=O)C1=N,-0.2155,-0.0769,0.1386,-5.864053687309999,-2.092555584938,3.771498102372,3.771498102372
gdb 84959,CC1N(C)CC(=O)C1=O,-0.2109,-0.0927,0.1182,-5.738881311618,-2.522495484054,3.216385827564,3.216385827564
gdb 84968,OC1CC(=O)C(=O)C1O,-0.2405,-0.1014,0.139,-6.544338337809999,-2.759234542428,3.78238265678,3.78238265678
gdb 85355,C[C-]1OC(=[NH2+])C=CC1=O,-0.1711,-0.0628,0.1083,-4.655868148022,-1.7088750420559995,2.9469931059659995,2.9469931059659995
gdb 86130,CC1OC(C)C(=O)C1=O,-0.2317,-0.0992,0.1325,-6.304878140833999,-2.699369493184,3.60550864765,3.60550864765
gdb 86531,CN1CC(C1)C(=O)C=O,-0.2231,-0.0978,0.1253,-6.070860221062,-2.661273552756,3.409586668306,3.409586668306
gdb 88935,CC1CN1CC(=O)C=O,-0.2217,-0.1002,0.1215,-6.032764280634,-2.726580879204,3.30618340143,3.30618340143
gdb 88938,CN1CC1CC(=O)C=O,-0.23,-0.099,0.131,-6.2586187846,-2.69392721598,3.56469156862,3.56469156862
gdb 94532,CN1CCC1C(=O)C=O,-0.2246,-0.09,0.1346,-6.111677300092,-2.4490247418,3.662652558292,3.662652558292
gdb 94534,OC1CNC1C(=O)C=O,-0.2394,-0.1044,0.1349,-6.514405813188,-2.840868700488,3.670815974098,3.670815974098
gdb 94535,OC1COC1C(=O)C=O,-0.253,-0.1145,0.1385,-6.88448066306,-3.11570369929,3.76877696377,3.76877696377
gdb 96613,C[NH+]=C(N)C#CC([O-])=O,-0.2015,-0.0767,0.1249,-5.48309428303,-2.087113307734,3.398702113898,3.398702113898
gdb 97325,NC=[NH+]CC(=O)C([O-])=O,-0.1725,-0.0824,0.0901,-4.69396408845,-2.242218208048,2.451745880402,2.451745880402
gdb 97358,NC=[NH+]C[C-](C#N)C#N,-0.174,-0.0606,0.1134,-4.73478116748,-1.649009992812,3.085771174668,3.085771174668
gdb 97432,CN=COCC(=O)C=O,-0.2503,-0.1124,0.1378,-6.811009920806001,-3.058559788648,3.749728993556,3.749728993556
gdb 97476,[NH3+]CC#CC#CC([O-])=O,-0.1791,-0.0726,0.1065,-4.873559236182,-1.975546625052,2.89801261113,2.89801261113
gdb 98011,CNC(=[NH2+])C#CC([O-])=O,-0.2015,-0.0767,0.1249,-5.48309428303,-2.087113307734,3.398702113898,3.398702113898
gdb 98058,CNC(=N)C(=O)C(C)=O,-0.2291,-0.1079,0.1212,-6.234128537181999,-2.936108551558,3.298019985624,3.298019985624
gdb 98059,CNC(=N)C(=O)C(N)=N,-0.2185,-0.0837,0.1348,-5.94568784537,-2.277593009874,3.668094835496,3.668094835496
gdb 98060,CNC(=N)C(=O)C(N)=O,-0.2276,-0.095,0.1326,-6.193311458152,-2.5850816719,3.608229786252,3.608229786252
gdb 98956,CNC(=N)NC(=O)C=O,-0.2278,-0.0987,0.1292,-6.198753735356,-2.685763800174,3.5157110737840003,3.5157110737840003
gdb 100076,CC(C)(C[NH3+])CC([O-])=O,-0.1478,-0.0425,0.1053,-4.021842853756,-1.15648390585,2.865358947906,2.865358947906
gdb 100443,CC(C[NH3+])C#CC([O-])=O,-0.1736,-0.0485,0.1251,-4.723896613072,-1.31975222197,3.404144391102,3.404144391102
gdb 100457,[NH3+]CC(O)C#CC([O-])=O,-0.161,-0.0492,0.1118,-4.38103314922,-1.338800192184,3.042232957036,3.042232957036
gdb 100710,CC(C[NH3+])C(O)C([O-])=O,-0.159,-0.0477,0.1113,-4.32661037718,-1.2979831131539998,3.028627264026,3.028627264026
gdb 101556,CCN(C)CC(=O)C=O,-0.2225,-0.0876,0.1349,-6.05453338945,-2.383717415352,3.670815974098,3.670815974098
gdb 102015,C[NH2+][C-](C=O)C(=O)C=O,-0.2123,-0.0852,0.1271,-5.776977252046,-2.318410088904,3.4585671631419994,3.4585671631419994
gdb 103798,CC1(C[NH3+])CC1C([O-])=O,-0.1488,-0.0441,0.1046,-4.049054239776,-1.200022123482,2.846310977692,2.846310977692
gdb 103799,CC1(C[NH3+])NC1C([O-])=O,-0.1527,-0.0511,0.1015,-4.155178645254,-1.390501825622,2.76195568103,2.76195568103
gdb 109099,CCC1=CCC(=O)C1=O,-0.2312,-0.0917,0.1395,-6.291272447823999,-2.495284098034,3.79598834979,3.79598834979
gdb 109102,CNC1=NCC(=O)C1=O,-0.2288,-0.1105,0.1183,-6.225965121376,-3.00685815521,3.219106966166,3.219106966166
gdb 109422,CNC1C(=O)C=CC1=O,-0.217,-0.0939,0.1232,-5.90487076634,-2.555149147278,3.352442757664,3.352442757664
gdb 111938,CCC1C=CC(=O)C1=O,-0.2311,-0.0929,0.1382,-6.288551309222,-2.527937761258,3.760613547964,3.760613547964
gdb 111941,CNC1C=CC(=O)C1=O,-0.2255,-0.0924,0.1331,-6.13616754751,-2.514332068248,3.621835479262,3.621835479262
gdb 111942,COC1C=CC(=O)C1=O,-0.2294,-0.0967,0.1328,-6.242291952987999,-2.631341028134,3.613672063456,3.613672063456
gdb 112955,[NH3+]CC1CC(C1)C([O-])=O,-0.1367,-0.0458,0.0909,-3.719796468934,-1.246281479716,2.473514989218,2.473514989218
gdb 113157,CC1(CC1C[NH3+])C([O-])=O,-0.1487,-0.0435,0.1052,-4.046333101174,-1.18369529187,2.862637809304,2.862637809304
gdb 113184,[NH3+]CC1CC1(O)C([O-])=O,-0.1689,-0.0428,0.126,-4.596003098778,-1.1646473216559998,3.42863463852,3.42863463852
gdb 113647,CCN1CC1C(=O)C=O,-0.2373,-0.0999,0.1374,-6.457261902546,-2.718417463398,3.738844439148,3.738844439148
gdb 115123,CCC1NCC(=O)C1=O,-0.2169,-0.092,0.1249,-5.902149627738,-2.50344751384,3.398702113898,3.398702113898
gdb 115124,CCC1OCC(=O)C1=O,-0.2363,-0.1017,0.1346,-6.430050516526,-2.767397958234,3.662652558292,3.662652558292
gdb 115131,COC1CCC(=O)C1=O,-0.2271,-0.0917,0.1354,-6.179705765142,-2.495284098034,3.684421667108,3.684421667108
gdb 115136,COC1OCC(=O)C1=O,-0.2397,-0.1041,0.1356,-6.522569228994,-2.832705284682,3.689863944312,3.689863944312
gdb 115143,OCC1OCC(=O)C1=O,-0.2454,-0.1105,0.135,-6.677674129308,-3.00685815521,3.6735371127,3.6735371127
gdb 116525,CCN=C(N)C(=O)C=O,-0.2395,-0.1017,0.1377,-6.51712695179,-2.767397958234,3.747007854954,3.747007854954
gdb 116639,CNC=[NH+][C-](C#N)C#N,-0.1816,-0.0479,0.1337,-4.941587701232,-1.303425390358,3.638162310874,3.638162310874
gdb 116799,CNC=[NH+]CCC([O-])=O,-0.1474,-0.0687,0.0787,-4.010958299348,-1.869422219574,2.141536079774,2.141536079774
gdb 116993,CNCC(=O)C#CC#N,-0.2415,-0.1078,0.1337,-6.57154972383,-2.9333874129560003,3.638162310874,3.638162310874
gdb 117020,CCNC(=N)C(=O)C#N,-0.2499,-0.1158,0.1341,-6.800125366398,-3.151078501116,3.649046865282,3.649046865282
gdb 117026,CNCC(=O)C(=O)C#N,-0.2414,-0.1361,0.1053,-6.568828585228,-3.703469637322,2.865358947906,2.865358947906
gdb 117031,CCCC(=O)C(=O)C=O,-0.2459,-0.1125,0.1334,-6.691279822318,-3.06128092725,3.629998895068,3.629998895068
gdb 117032,CCNC(=N)C(=O)C=O,-0.2324,-0.1211,0.1113,-6.323926111047999,-3.295298847022,3.028627264026,3.028627264026
gdb 117033,CCNC(=O)C(=O)C=O,-0.2442,-0.1177,0.1264,-6.645020466084,-3.202780134554,3.439519192928,3.439519192928
gdb 117036,COCC(=O)C(=O)C=O,-0.2478,-0.1304,0.1174,-6.742981455756,-3.548364737008,3.194616718748,3.194616718748
gdb 117037,OCCC(=O)C(=O)C=O,-0.2469,-0.1286,0.1183,-6.718491208338,-3.499384242172,3.219106966166,3.219106966166
gdb 117630,CC(C)(CC[NH3+])C([O-])=O,-0.1447,-0.0481,0.0966,-3.937487557094,-1.308867667562,2.628619889532,2.628619889532
gdb 119758,C[NH2+]CC1=CC(=O)[CH-]N1,-0.1701,-0.0892,0.081,-4.628656762002,-2.427255632984,2.20412226762,2.20412226762
gdb 121600,C[NH2+]CCC(=O)C([O-])=O,-0.149,-0.0438,0.1052,-4.05449651698,-1.191858707676,2.862637809304,2.862637809304
gdb 122806,OCCNCC(=O)C=O,-0.2224,-0.108,0.1145,-6.051812250847999,-2.93882969016,3.11570369929,3.11570369929
gdb 123519,C1=NC=C2N=CN=NN12,-0.245,-0.1083,0.1367,-6.666789574899999,-2.9469931059659995,3.719796468934,3.719796468934
gdb 125054,CC1=C(N)ON=NC1=N,-0.2098,-0.0731,0.1367,-5.708948786995999,-1.989152318062,3.719796468934,3.719796468934
gdb 125100,CC1=C([N-]N=N1)[NH+]=CN,-0.191,-0.0572,0.1337,-5.19737472982,-1.556491280344,3.638162310874,3.638162310874
gdb 125276,CC1=CC2=C(N1)ON=N2,-0.1954,-0.0634,0.132,-5.317104828308,-1.725201873668,3.59190295464,3.59190295464
gdb 125284,CC1=CC2=C(ON=N2)O1,-0.2135,-0.0771,0.1365,-5.80963091527,-2.097997862142,3.71435419173,3.71435419173
gdb 125361,CC1=CNC2=C1N=NO2,-0.1968,-0.066,0.1308,-5.355200768736,-1.79595147732,3.559249291416,3.559249291416
gdb 125389,CC1=COC2=C1N=NO2,-0.217,-0.0804,0.1366,-5.90487076634,-2.187795436008,3.717075330332,3.717075330332
gdb 125619,CC1=NNC(C[NH3+])=C1[O-],-0.2206,-0.0857,0.1349,-6.002831756011999,-2.332015781914,3.670815974098,3.670815974098
gdb 125630,CC1=N[N-]C(=N1)[NH+]=CN,-0.1831,-0.0566,0.1265,-4.982404780262,-1.540164448732,3.44224033153,3.44224033153
gdb 126081,CC1OC2=C(O1)N=NO2,-0.2232,-0.0875,0.1357,-6.073581359664,-2.38099627675,3.692585082914,3.692585082914
gdb 126880,CCN=C1NN=CC=N1,-0.2159,-0.0773,0.1386,-5.874938241718,-2.103440139346,3.771498102372,3.771498102372
gdb 127194,CN1C(=N)NN=C1C=O,-0.2112,-0.0744,0.1368,-5.747044727424,-2.024527119888,3.722517607536,3.722517607536
gdb 127324,CN1C=CC2=C1ON=N2,-0.1978,-0.0665,0.1313,-5.382412154756,-1.80955717033,3.572854984426,3.572854984426
gdb 127485,CN1N=C(N)C=NC1=N,-0.1962,-0.0665,0.1297,-5.338873937124,-1.80955717033,3.529316766794,3.529316766794
gdb 127492,CN1N=C(N)N=CC1=N,-0.1922,-0.065,0.1272,-5.230028393044,-1.7687400913,3.461288301744,3.461288301744
gdb 127526,CN1N=C(O)N=CC1=N,-0.2059,-0.0762,0.1297,-5.602824381517999,-2.073507614724,3.529316766794,3.529316766794
gdb 127543,CN1N=C2ON=NC2=N1,-0.2274,-0.0955,0.1319,-6.187869180948,-2.59868736491,3.589181816038,3.589181816038
gdb 127606,CN1N=CC([O-])=C1C[NH3+],-0.2093,-0.078,0.1314,-5.695343093986001,-2.12248810956,3.575576123028,3.575576123028
gdb 127634,CN1N=CC2=C1ON=N2,-0.224,-0.0849,0.1391,-6.09535046848,-2.310246673098,3.785103795382,3.785103795382
gdb 127844,CN=C1C=CN=NC=C1,-0.2321,-0.0983,0.1338,-6.315762695241999,-2.674879245766,3.640883449476,3.640883449476
gdb 127879,CN=C1N=CN=NC=N1,-0.2423,-0.1252,0.117,-6.593318832645999,-3.406865529704,3.1837321643400003,3.1837321643400003
gdb 127913,CN=C1NC(C=O)=NO1,-0.2334,-0.0952,0.1382,-6.351137497068,-2.590523949104,3.760613547964,3.760613547964
gdb 127923,CN=C1NN=C(C)C=N1,-0.2083,-0.0715,0.1368,-5.668131707966,-1.94561410043,3.722517607536,3.722517607536
gdb 127926,CN=C1NN=C(N)C=N1,-0.1924,-0.0686,0.1238,-5.235470670248,-1.866701080972,3.368769589276,3.368769589276
gdb 127927,CN=C1NN=C(N)N=C1,-0.1959,-0.0617,0.1342,-5.330710521317999,-1.6789425174339998,3.651768003884,3.651768003884
gdb 127930,CN=C1NN=C(N1)C=O,-0.2093,-0.0765,0.1328,-5.695343093986001,-2.08167103053,3.613672063456,3.613672063456
gdb 127933,CN=C1NN=C(O)N=C1,-0.2101,-0.0738,0.1362,-5.717112202802,-2.008200288276,3.706190775924,3.706190775924
gdb 128187,CNC1=CC(=N)ON=N1,-0.2192,-0.0812,0.138,-5.964735815584,-2.209564544824,3.75517127076,3.75517127076
gdb 128307,CNC1=NNC(=N)C=N1,-0.1916,-0.0659,0.1257,-5.213701561432,-1.793230338718,3.420471222714,3.420471222714
gdb 128308,CNC1=NNC(=N)N=C1,-0.1951,-0.0669,0.1281,-5.308941412502,-1.820441724738,3.485778549162,3.485778549162
gdb 128312,CNC1=NNC(=O)C=N1,-0.2112,-0.0729,0.1383,-5.747044727424,-1.983710040858,3.763334686566,3.763334686566
gdb 128392,CNC=[NH+]C1=CC=N[N-]1,-0.1775,-0.048,0.1295,-4.830021018549999,-1.30614652896,3.52387448959,3.52387448959
gdb 128394,CNC=[NH+]C1=CN=N[N-]1,-0.1947,-0.0599,0.1347,-5.298056858094,-1.629962022598,3.665373696894,3.665373696894
gdb 128397,CNC=[NH+]C1=NC=N[N-]1,-0.1862,-0.0522,0.134,-5.066760076924,-1.420434350244,3.64632572668,3.64632572668
gdb 128407,C[NH2+]CC1=C([O-])N=NO1,-0.2432,-0.1205,0.1227,-6.617809080064,-3.27897201541,3.338837064654,3.338837064654
gdb 128673,COC1=NNC(=N)C=N1,-0.2107,-0.0742,0.1365,-5.733439034413999,-2.019084842684,3.71435419173,3.71435419173
gdb 128675,COC1=NNC(=N)N=C1,-0.2099,-0.0737,0.1362,-5.711669925598,-2.005479149674,3.706190775924,3.706190775924
gdb 128978,N1C=CC2=CN=CC2=N1,-0.1934,-0.0672,0.1263,-5.262682056268,-1.828605140544,3.436798054326,3.436798054326
gdb 128982,N1C=NC2=CN=CC2=N1,-0.2099,-0.0856,0.1242,-5.711669925598,-2.329294643312,3.379654143684,3.379654143684
gdb 128999,N1N=CC2=CN=CC2=N1,-0.2155,-0.0819,0.1336,-5.864053687309999,-2.228612515038,3.635441172272,3.635441172272
gdb 129006,N1N=CN=C2C=NC=C12,-0.2123,-0.1024,0.1099,-5.776977252046,-2.786445928448,2.990531323598,2.990531323598
gdb 129015,N1N=NC2=CN=CC2=N1,-0.232,-0.1025,0.1295,-6.31304155664,-2.78916706705,3.52387448959,3.52387448959
gdb 129018,N1N=NC=C2C=CC=C12,-0.2058,-0.0723,0.1334,-5.600103242916,-1.967383209246,3.629998895068,3.629998895068
gdb 129020,N1N=NC=C2C=NC=C12,-0.2175,-0.0947,0.1228,-5.91847645935,-2.5769182560940003,3.341558203256,3.341558203256
gdb 129053,N=C1C=CON=NC1=O,-0.2674,-0.128,0.1394,-7.276324621748,-3.48305741056,3.793267211188,3.793267211188
gdb 129156,N=C1N=NON=CC1=O,-0.2519,-0.1162,0.1356,-6.854548138438,-3.161963055524,3.689863944312,3.689863944312
gdb 129170,N=C1NC2=C(N1)N=NO2,-0.2145,-0.0844,0.1301,-5.83684230129,-2.296640980088,3.540201321202,3.540201321202
gdb 129175,N=C1NC2=C(O1)N=NO2,-0.2347,-0.0994,0.1353,-6.386512298894,-2.704811770388,3.681700528506,3.681700528506
gdb 129177,N=C1NC2=C(ON=N2)O1,-0.2293,-0.0989,0.1304,-6.239570814386,-2.691206077378,3.548364737008,3.548364737008
gdb 129188,N=C1NN=C(C=N1)C#C,-0.227,-0.0885,0.1385,-6.17698462654,-2.40820766277,3.76877696377,3.76877696377
gdb 129200,N=C1NN=CC(=N1)C#C,-0.229,-0.0937,0.1353,-6.23140739858,-2.549706870074,3.681700528506,3.681700528506
gdb 129201,N=C1NN=CC(=N1)C#N,-0.2503,-0.1191,0.1313,-6.811009920806001,-3.240876074982,3.572854984426,3.572854984426
gdb 129204,N=C1NN=CC(C=O)=C1,-0.2293,-0.0942,0.1351,-6.239570814386,-2.563312563084,3.676258251302,3.676258251302
gdb 129205,N=C1NN=CC(C=O)=N1,-0.2393,-0.1186,0.1207,-6.511684674586,-3.227270381972,3.284414292614,3.284414292614
gdb 129208,N=C1NN=CC=C1C=O,-0.2288,-0.0969,0.1319,-6.225965121376,-2.636783305338,3.589181816038,3.589181816038
gdb 129214,N=C1NN=CN=C1C#C,-0.2283,-0.0898,0.1384,-6.212359428366,-2.443582464596,3.766055825168,3.766055825168
gdb 129215,N=C1NN=CN=C1C#N,-0.2521,-0.1156,0.1365,-6.859990415642,-3.145636223912,3.71435419173,3.71435419173
gdb 129216,N=C1NN=CN=C1C=O,-0.2436,-0.1133,0.1303,-6.628693634472,-3.083050036066,3.545643598406,3.545643598406
gdb 129243,N=C1OC2=C(O1)N=NO2,-0.2504,-0.1144,0.136,-6.813731059408,-3.112982560688,3.70074849872,3.70074849872
gdb 129291,N=C1ON=CC(C=O)=N1,-0.2741,-0.1385,0.1356,-7.458640908082,-3.76877696377,3.689863944312,3.689863944312
gdb 129305,N=C1ON=CN=C1C=O,-0.2693,-0.1334,0.1359,-7.328026255185999,-3.629998895068,3.698027360118,3.698027360118
gdb 129336,N=C1[N-]N=C(NC=[NH2+])O1,-0.1549,-0.0728,0.0821,-4.215043694498,-1.980988902256,2.234054792242,2.234054792242
gdb 129337,N=C1[N-]C(NC=[NH2+])=NO1,-0.1517,-0.0825,0.0692,-4.127967259234,-2.24493934665,1.883027912584,1.883027912584
gdb 129387,NC(=[NH2+])C1=N[N-]C(=N)O1,-0.1977,-0.0705,0.1272,-5.379691016153999,-1.91840271441,3.461288301744,3.461288301744
gdb 129393,NC(=[NH2+])C1=NOC(=N)[N-]1,-0.1658,-0.072,0.0938,-4.511647802116,-1.95921979344,2.552428008676,2.552428008676
gdb 129401,NC(=[NH2+])N1C=C([O-])C=N1,-0.1595,-0.0477,0.1119,-4.34021607019,-1.2979831131539998,3.044954095638,3.044954095638
gdb 129643,NC1=C(N)C(=N)N=NO1,-0.1983,-0.0727,0.1257,-5.396017847766,-1.978267763654,3.420471222714,3.420471222714
gdb 129736,NC1=C(O)ON=NC1=N,-0.171,-0.0926,0.0784,-4.6531470094200005,-2.519774345452,2.133372663968,2.133372663968
gdb 129860,NC1=CC2=C(N1)ON=N2,-0.1822,-0.0573,0.1249,-4.957914532844,-1.559212418946,3.398702113898,3.398702113898
gdb 129868,NC1=CC2=C(ON=N2)O1,-0.1921,-0.0688,0.1234,-5.227307254442,-1.872143358176,3.357885034868,3.357885034868
gdb 129915,NC1=CNC2=C1N=NO2,-0.1858,-0.0661,0.1197,-5.055875522516,-1.798672615922,3.257202906594,3.257202906594
gdb 129940,NC1=COC2=C1N=NO2,-0.2058,-0.0807,0.1251,-5.600103242916,-2.195958851814,3.404144391102,3.404144391102
gdb 129994,NC1=[NH+]C2=C(C1)C=N[N-]2,-0.1751,-0.0454,0.1297,-4.764713692102,-1.235396925308,3.529316766794,3.529316766794
gdb 129996,NC1=[NH+]C2=C(C1)N=N[N-]2,-0.1901,-0.0579,0.1322,-5.172884482402,-1.575539250558,3.597345231844,3.597345231844
gdb 129999,NC1=NC2=C(C1)ON=N2,-0.1987,-0.0619,0.1369,-5.406902402174,-1.684384794638,3.725238746138,3.725238746138
gdb 130009,NC1=NC2=C(ON=N2)O1,-0.2133,-0.0796,0.1337,-5.804188638066,-2.166026327192,3.638162310874,3.638162310874
gdb 130182,NC1=NNC2=C1N=NO2,-0.2128,-0.0834,0.1295,-5.790582945055999,-2.269429594068,3.52387448959,3.52387448959
gdb 130355,NC=[NH+]C1=C([O-])C=NN1,-0.1571,-0.0486,0.1085,-4.274908743742,-1.3224733605719998,2.95243538317,2.95243538317
gdb 130356,NC=[NH+]C1=C(O)N=N[N-]1,-0.1832,-0.0547,0.1285,-4.985125918864,-1.4884628152939998,3.49666310357,3.49666310357
gdb 130357,NC=[NH+]C1=C([O-])ON=C1,-0.1783,-0.054,0.1242,-4.851790127366,-1.46941484508,3.379654143684,3.379654143684
gdb 130358,NC=[NH+]C1=C([O-])ON=N1,-0.188,-0.063,0.125,-5.11574057176,-1.71431731926,3.4014232525,3.4014232525
gdb 130366,NC=[NH+]C1=NC(O)=N[N-]1,-0.1714,-0.0583,0.1131,-4.664031563828,-1.5864238049659998,3.077607758862,3.077607758862
gdb 130370,NC=[NH+]C1=N[N-]C(=N)O1,-0.1549,-0.0728,0.0821,-4.215043694498,-1.980988902256,2.234054792242,2.234054792242
gdb 130374,NC=[NH+]C1=NNC=C1[O-],-0.1399,-0.045,0.0949,-3.806872904198,-1.2245123709,2.582360533298,2.582360533298
gdb 130377,NC=[NH+]C1=NOC(=N)[N-]1,-0.1517,-0.0825,0.0692,-4.127967259234,-2.24493934665,1.883027912584,1.883027912584
gdb 130382,NC=[NH+]C1=NOC([O-])=C1,-0.1574,-0.076,0.0814,-4.283072159548,-2.06806533752,2.215006822028,2.215006822028
gdb 130383,NC=[NH+]C1=NOC=C1[O-],-0.1562,-0.0661,0.0901,-4.250418496324,-1.798672615922,2.451745880402,2.451745880402
gdb 130386,[NH3+]CC#CC1=CN=N[N-]1,-0.2541,-0.1269,0.1272,-6.914413187681999,-3.453124885938,3.461288301744,3.461288301744
gdb 130387,[NH3+]CC#CC1=NC=N[N-]1,-0.251,-0.1258,0.1251,-6.83005789102,-3.423192361316,3.404144391102,3.404144391102
gdb 130404,NC1=NOC(C[NH3+])=C1[O-],-0.2287,-0.0906,0.1381,-6.223243982773999,-2.465351573412,3.757892409362,3.757892409362
gdb 130482,O1C=CC2=CC=CC2=N1,-0.2035,-0.0724,0.1311,-5.53751705507,-1.970104347848,3.567412707222,3.567412707222
gdb 130484,O1C=CC2=CN=CC2=N1,-0.2177,-0.0933,0.1244,-5.923918736554,-2.538822315666,3.385096420888,3.385096420888
gdb 130487,O1C=NC2=CC=CC2=N1,-0.2198,-0.0863,0.1335,-5.981062647196,-2.348342613526,3.63272003367,3.63272003367
gdb 130489,O1C=NC2=CN=CC2=N1,-0.2362,-0.1088,0.1274,-6.427329377924,-2.960598798976,3.4667305789480003,3.4667305789480003
gdb 130506,O1N=CC2=CC=CC2=N1,-0.2319,-0.0922,0.1396,-6.310320418038,-2.508889791044,3.798709488392,3.798709488392
gdb 130508,O1N=CC2=CN=CC2=N1,-0.2471,-0.1117,0.1353,-6.723933485541999,-3.039511818434,3.681700528506,3.681700528506
gdb 130511,O1N=CC=C2C=CC=C12,-0.2056,-0.0861,0.1195,-5.594660965712,-2.342900336322,3.25176062939,3.25176062939
gdb 130512,O1N=CC=C2C=CN=C12,-0.2355,-0.0991,0.1364,-6.40828140771,-2.696648354582,3.711633053128,3.711633053128
gdb 130513,O1N=CC=C2C=NC=C12,-0.2182,-0.1082,0.11,-5.937524429564,-2.944271967364,2.9932524622,2.9932524622
gdb 130516,O1N=CN=C2C=CC=C12,-0.2219,-0.1065,0.1154,-6.038206557838,-2.89801261113,3.140193946708,3.140193946708
gdb 130517,O1N=CN=C2C=CN=C12,-0.2548,-0.1212,0.1336,-6.933461157896001,-3.298019985624,3.635441172272,3.635441172272
gdb 130518,O1N=CN=C2C=NC=C12,-0.2362,-0.1298,0.1064,-6.427329377924,-3.532037905396,2.895291472528,2.895291472528
gdb 130519,O1N=CN=C2N=CC=C12,-0.2554,-0.1193,0.136,-6.949787989508001,-3.246318352186,3.70074849872,3.70074849872
gdb 130534,O1N=NC=C2C=CC=C12,-0.2142,-0.1036,0.1106,-5.828678885484,-2.819099591672,3.009579293812,3.009579293812
gdb 130535,O1N=NC=C2C=CN=C12,-0.2507,-0.1276,0.1231,-6.821894475213999,-3.472172856152,3.349721619062,3.349721619062
gdb 130536,O1N=NC=C2C=NC=C12,-0.2298,-0.1259,0.1038,-6.253176507396,-3.4259134999180003,2.824541868876,2.824541868876
gdb 130537,O1N=NC=C2N=CC=C12,-0.2237,-0.1104,0.1133,-6.087187052674,-3.004137016608,3.083050036066,3.083050036066
gdb 130538,O1N=NC=C2N=CN=C12,-0.2521,-0.1234,0.1287,-6.859990415642,-3.357885034868,3.502105380774,3.502105380774
gdb 130589,O=C1C=CC2=C1NN=C2,-0.2309,-0.0942,0.1367,-6.283109032017999,-2.563312563084,3.719796468934,3.719796468934
gdb 130590,O=C1C=CC2=C1NN=N2,-0.2468,-0.1079,0.1389,-6.715770069735999,-2.936108551558,3.779661518178,3.779661518178
gdb 130591,O=C1C=CC2=C1ON=C2,-0.2489,-0.1135,0.1354,-6.772913980378,-3.08849231327,3.684421667108,3.684421667108
gdb 130667,O=C1N=NOC=C1C#N,-0.2739,-0.1613,0.1126,-7.453198630877999,-4.389196565025999,3.064002065852,3.064002065852
gdb 130680,O=C1NC2=C(N1)N=NO2,-0.2291,-0.0928,0.1363,-6.234128537181999,-2.525216622656,3.708911914526,3.708911914526
gdb 130686,O=C1NC2=C(ON=N2)O1,-0.2445,-0.108,0.1365,-6.65318388189,-2.93882969016,3.71435419173,3.71435419173
gdb 130885,O=CC1=NC(=O)NN=N1,-0.2725,-0.1345,0.1379,-7.41510269045,-3.65993141969,3.752450132158,3.752450132158
gdb 130889,O=CC1=NC=NNC1=O,-0.256,-0.1251,0.1308,-6.96611482112,-3.404144391102,3.559249291416,3.559249291416
gdb 130890,O=CC1=NC=NOC1=O,-0.2712,-0.1452,0.126,-7.379727888624,-3.951093250104,3.42863463852,3.42863463852
gdb 130919,O=CC1=NON=NC1=O,-0.2474,-0.1086,0.1387,-6.732096901348,-2.955156521772,3.774219240974,3.774219240974
gdb 131165,[O-]C1=C(NC=[NH2+])NN=C1,-0.1571,-0.0486,0.1085,-4.274908743742,-1.3224733605719998,2.95243538317,2.95243538317
gdb 131225,OC1=CC2=C(N1)ON=N2,-0.1897,-0.0624,0.1273,-5.161999927994,-1.697990487648,3.464009440346,3.464009440346
gdb 131901,NC1=CNC(=C1)N(=O)=O,-0.2111,-0.0722,0.1389,-5.744323588822,-1.964662070644,3.779661518178,3.779661518178
gdb 131902,NC1=CNC(=N1)N(=O)=O,-0.2201,-0.0838,0.1364,-5.989226063002,-2.280314148476,3.711633053128,3.711633053128
gdb 132092,CC1=C(F)N=CC(=N)N1,-0.2005,-0.0613,0.1391,-5.45588289701,-1.668057963026,3.785103795382,3.785103795382
gdb 132116,NC1=C(F)NC(=N)C=N1,-0.1834,-0.0532,0.1302,-4.990568196068,-1.4476457362639998,3.542922459804,3.542922459804
gdb 132121,NC1=C(F)OC(=N)C=N1,-0.2019,-0.0696,0.1323,-5.493978837438,-1.893912466992,3.600066370446,3.600066370446
gdb 132124,NC1=C(F)OC(=O)C=N1,-0.2168,-0.0846,0.1322,-5.899428489136,-2.302083257292,3.597345231844,3.597345231844
gdb 132872,NC1=CNC(=N)C(F)=N1,-0.1834,-0.0472,0.1361,-4.990568196068,-1.284377420144,3.703469637322,3.703469637322
gdb 132886,OC1=CNC(=N)C(F)=N1,-0.1945,-0.0559,0.1386,-5.29261458089,-1.5211164785179998,3.771498102372,3.771498102372
gdb 133015,CN=C1NC=C(F)C=N1,-0.1989,-0.0597,0.1392,-5.412344679377999,-1.624519745394,3.787824933984,3.787824933984
gdb 133016,CN=C1NC=C(F)N=C1,-0.1986,-0.0665,0.1321,-5.404181263572,-1.80955717033,3.594624093242,3.594624093242
gdb 133232,CN1N=C(F)C=NC1=N,-0.2233,-0.0847,0.1386,-6.076302498266,-2.304804395894,3.771498102372,3.771498102372
gdb 133234,CN1N=C(F)N=CC1=N,-0.2227,-0.0852,0.1376,-6.059975666654,-2.318410088904,3.744286716352,3.744286716352
gdb 133278,CN=C1NN=C(F)C=N1,-0.218,-0.0871,0.1309,-5.93208215236,-2.370111722342,3.5619704300179995,3.5619704300179995
gdb 133305,NC1=C(F)C(=N)N=NO1,-0.2151,-0.0843,0.1308,-5.853169132902,-2.293919841486,3.559249291416,3.559249291416
gdb 133337,NC1=C(F)ON=NC1=N,-0.1842,-0.1062,0.078,-5.012337304884,-2.889849195324,2.12248810956,2.12248810956
gdb 133813,C1C=C2C3C4OC13C24,-0.2136,-0.0912,0.1224,-5.812352053872,-2.481678405024,3.330673648848,3.330673648848
gdb 133815,C1C2C3OC4C3C1=CC24,-0.1928,-0.0783,0.1145,-5.246355224656,-2.130651525366,3.11570369929,3.11570369929
gdb 133816,N1C2C3OC4C3C1=NC24,-0.1648,-0.0469,0.1179,-4.484436416096,-1.276214004338,3.208222411758,3.208222411758
gdb 133822,CC12C3C1C1=CC2=CC31,-0.1828,-0.0602,0.1226,-4.974241364456,-1.6381254384039998,3.336115926052,3.336115926052
gdb 133826,CC12C3N1C1=NC2C3=C1,-0.2137,-0.088,0.1257,-5.815073192474,-2.39460196976,3.420471222714,3.420471222714
gdb 133827,OC12C3C1C1=CC2C3=C1,-0.1811,-0.0886,0.0925,-4.927982008222,-2.410928801372,2.51705320685,2.51705320685
gdb 133830,CC12C3C4CC1N=C4N23,-0.1931,-0.0709,0.1222,-5.254518640462,-1.929287268818,3.325231371644,3.325231371644
gdb 133835,OC12C3C1C1=NC2CN31,-0.2042,-0.0779,0.1264,-5.556565025284,-2.119766970958,3.439519192928,3.439519192928
gdb 133837,CC12C3C4N=C(C=C14)N23,-0.2225,-0.1124,0.1101,-6.05453338945,-3.058559788648,2.995973600802,2.995973600802
gdb 133841,CC12C3C1C1=CC3OC21,-0.1911,-0.0845,0.1066,-5.200095868421999,-2.29936211869,2.900733749732,2.900733749732
gdb 133845,OC12C3C1C1=CC3OC21,-0.1965,-0.0576,0.1389,-5.34703735293,-1.567375834752,3.779661518178,3.779661518178
gdb 133848,CC12C3C1N1CC3N=C21,-0.2022,-0.0821,0.1201,-5.502142253243999,-2.234054792242,3.268087461002,3.268087461002
gdb 133853,OC12C3C1N1CC3N=C21,-0.2087,-0.0889,0.1198,-5.679016262374,-2.419092217178,3.259924045196,3.259924045196
gdb 133854,CC12CC34CC=C(C13)C24,-0.1575,-0.0912,0.0663,-4.28579329815,-2.481678405024,1.804114893126,1.804114893126
gdb 133858,CC1N2C3C4=CCC13C24,-0.1693,-0.1041,0.0652,-4.606887653186,-2.832705284682,1.7741823685039997,1.7741823685039997
gdb 133864,C1C2CC3OC4CC1C234,-0.1386,-0.0638,0.0747,-3.771498102372,-1.7360864280759998,2.032690535694,2.032690535694
gdb 133866,C1C2OC3CC4OC1C234,-0.1575,-0.0752,0.0823,-4.28579329815,-2.046296228704,2.239497069446,2.239497069446
