Id,SMILES,GAP_DFT(eV),Hardness (η),Chemical Potential (μ),Electrophilicity (ω),MW,LogP,TPSA,HBA,HBD,Rotatable Bonds,Aromatic Rings,Heavy Atoms,QED,FractionCSP3
326,O=CC(=O)C=O,4.361068297158258,2.180534148579129,4.732981201361144,5.136610923299436,86.04599999999999,-1.0467000000000002,51.21,3,0,2,0,6,0.2446519432687936,0.0
723,C1=NN=CN=N1,3.6030342036259912,1.8015171018129956,4.670121976606214,6.053242362903833,82.066,-0.7334,51.56,4,0,0,1,6,0.4135894277987068,0.0
1587,CC(=O)C(=O)C=O,4.126882168707214,2.063441084353607,4.580591165156987,5.084180881492674,100.07299999999998,-0.6566000000000001,51.21,3,0,2,0,7,0.2628336723228857,0.25
1589,NC(=O)C(=O)C=O,3.3332292995548256,1.6666146497774128,5.06598347426484,7.69949687078296,101.06099999999998,-1.7603000000000002,77.23,3,1,2,0,7,0.25405513442892463,0.0
2115,O=C1CC=CC1=O,3.7738078566721422,1.8869039283360711,4.542763239110286,5.468401845135232,96.085,0.08449999999999996,34.14,2,0,0,0,7,0.40017862510889596,0.2
2124,O=C1CNCC1=O,3.8524369901995117,1.9262184950997558,4.651074684175487,5.61527567428372,99.089,-1.2722,46.17,3,1,0,0,7,0.38494420611798286,0.5
2125,O=C1COCC1=O,3.7129258206336155,1.8564629103168078,4.843119003406333,6.317336465707464,100.073,-0.8452000000000002,43.370000000000005,3,0,0,0,7,0.37243652485886786,0.5
4019,NC(=[NH2+])C(C=O)=N[O-],3.5869287824937963,1.7934643912468982,3.2009305695234653,2.856470571959993,115.09199999999998,-2.7596,104.10000000000001,3,2,2,0,8,0.1761192541476441,0.0
4605,NC1=CNC(=O)C=N1,3.648636095114729,1.8243180475573646,3.339614702844672,3.056765890791201,111.104,-0.6479000000000001,71.77000000000001,3,2,0,1,8,0.4670416161550293,0.0
4608,NC1=COC(=N)C=N1,3.5065706817086038,1.7532853408543019,3.470527287483293,3.434854376669042,111.104,-0.26372999999999996,75.9,4,2,0,1,8,0.48373395440592476,0.0
4611,NC1=COC(=O)C=N1,3.538333119036582,1.769166559518291,3.8995674057724563,4.297680698956741,112.088,-0.383,69.12,4,1,0,1,8,0.4961566780655864,0.0
4613,OC1=CNC(=N)C=N1,3.7582594195366728,1.8791297097683364,3.273418735474894,2.8511257530697702,111.104,-0.4052300000000002,72.75999999999999,3,3,0,1,8,0.425678831823727,0.0
4618,OC1=COC(=N)C=N1,3.88231333993532,1.94115666996766,3.8602426234199156,3.838297377592952,112.088,-0.14033,70.11000000000001,4,2,0,1,8,0.49031997579171466,0.0
4807,[NH3+]CC1=CC([O-])=CO1,2.008951182817042,1.004475591408521,1.9437397682329212,1.8806451440558716,113.11599999999999,-0.9048999999999996,63.84,2,1,1,1,8,0.5123279549339337,0.2
5034,[O-]C1=COC=CC1=[NH2+],3.677607936470477,1.8388039682352384,3.109983304745069,2.629969350423906,111.1,-1.9869999999999992,61.790000000000006,2,1,0,1,8,0.42113555864067215,0.0
6059,NC(=[NH2+])C#CC([O-])=O,3.425579440870127,1.7127897204350635,3.8027833219849647,4.221522590144266,112.08799999999998,-4.144,91.74000000000001,2,2,0,0,8,0.1891727766893275,0.0
6273,CN(C)CC(=O)C=O,3.317800629162484,1.658900314581242,4.30800859849166,5.593747231690329,115.13199999999998,-0.6840000000000002,37.38,3,0,3,0,8,0.36088197082605816,0.6
6683,[O-]C(=O)CCNC=[NH2+],6.152933707737171,3.0764668538685855,3.060873558397253,1.522679649337718,116.12,-3.496599999999999,77.75,2,2,4,0,8,0.2271556074082811,0.5
7902,CN1CC(=O)C(=O)C1,3.728627405273399,1.8643137026366996,4.582526481245408,5.6319783847578195,113.11599999999999,-0.9300000000000002,37.38,3,0,0,0,8,0.3807567923557122,0.6
8721,O=CC(=O)C(=O)C#C,4.10982370012656,2.05491185006328,4.7711811393737165,5.538964959498011,110.06799999999998,-1.0433000000000001,51.21,3,0,2,0,8,0.1498216767777652,0.0
8723,O=CC(=O)C(=O)C=O,3.9623156209404655,1.9811578104702328,4.874239940339277,5.996043038681398,114.05599999999998,-1.4776000000000002,68.28,4,0,3,0,8,0.25475818250896143,0.0
8779,CN=C(N)C(=O)C=O,4.392902717544746,2.196451358772373,4.171640831612839,3.96152347250385,114.10399999999997,-1.2586000000000002,72.52,3,1,2,0,8,0.2106374328967489,0.25
8786,CNC(=N)C(=O)C#N,4.163155396499761,2.0815776982498804,4.982834629866772,5.963899634751709,111.104,-0.7242500000000003,76.74000000000001,3,2,1,0,8,0.2659998552156283,0.25
8792,CCC(=O)C(=O)C=O,4.147313696790423,2.0736568483952116,4.5037487558968845,4.8908171262617985,114.09999999999998,-0.26649999999999996,51.21,3,0,3,0,8,0.28816091776187625,0.4
8793,CNC(=N)C(=O)C=O,4.490710091728614,2.245355045864307,4.259602275640142,4.040388084739268,114.10399999999998,-1.0489300000000004,70.02000000000001,3,2,2,0,8,0.2081460508482649,0.25
8794,CNC(=O)C(=O)C=O,4.30961571584467,2.154807857922335,4.566620520159147,4.838951857927149,115.08799999999998,-1.4996000000000007,63.24,3,1,2,0,8,0.27043315092421727,0.25
8795,COC(=O)C(=O)C=O,4.882116643489496,2.441058321744748,4.449248816770508,4.054760768555643,116.07199999999999,-1.0726000000000002,60.440000000000005,4,0,2,0,8,0.19926361514490282,0.25
8796,OCC(=O)C(=O)C=O,3.886903162399231,1.9434515811996156,4.567732682465872,5.367816224572016,116.07199999999999,-1.6842,71.44,4,1,3,0,8,0.27125148474850647,0.25
9986,[NH2+]=CN[C-](C#N)C#N,3.626864848769487,1.8134324243847435,3.1378898023963404,2.714838523780005,108.104,-2.0574499999999993,85.19999999999999,2,2,2,0,8,0.2421845127282564,0.0
10016,NC=[NH+][C-](C#N)C#N,3.6267702362762275,1.8133851181381138,3.1381629283176453,2.715381985371823,108.104,-2.3668499999999995,87.57,2,2,1,0,8,0.22344979019219213,0.0
10785,[NH2+]=C1O[CH-]C(=O)C=C1,2.964839070116265,1.4824195350581324,3.140857337668171,3.327325558751876,111.09999999999998,-1.9814999999999998,55.800000000000004,2,1,0,1,8,0.394257578547596,0.0
12585,NC1=NCC(=O)C1=O,3.1874674364744764,1.5937337182372382,4.70144754140342,6.9345364070655835,112.08799999999998,-1.5046,72.52,4,1,0,0,8,0.38724228561755214,0.25
12617,CC1C=CC(=O)C1=O,3.743995638452524,1.871997819226262,4.488625439540001,5.381351978501016,110.112,0.3305,34.14,2,0,0,0,8,0.4209603183387509,0.3333333333333333
12653,CC1NCC(=O)C1=O,3.83303847271726,1.91651923635863,4.612132464408367,5.549583188548048,113.11599999999999,-0.8837000000000002,46.17,3,1,0,0,8,0.41466264462752483,0.6
12654,CC1OCC(=O)C1=O,3.645083239218785,1.8225416196093924,4.73209107707272,6.143257778253225,114.09999999999998,-0.4567000000000001,43.370000000000005,3,0,0,0,8,0.40020163724110946,0.6
13588,CN1CC1C(=O)C=O,3.598947917402187,1.7994739587010935,4.6057307728226276,5.894154747045417,113.11599999999999,-0.9316000000000002,37.15,3,0,2,0,8,0.26353424481565746,0.6
16607,O=C1CN2CC2C1=O,3.69034915452888,1.84517457726444,4.534042426881384,5.570622146560781,111.09999999999998,-1.1776,37.15,3,0,0,0,8,0.29154019600418773,0.6
20482,C1OC2=C(O1)N=NO2,5.165784029265079,2.5828920146325394,3.4746107407465145,2.3370934075671417,114.06,-0.2017000000000001,57.38,5,0,0,1,8,0.4670046204054098,0.3333333333333333
21134,CN=C1NN=CC=N1,3.7673393161331905,1.8836696580665953,3.951802305094433,4.145297290231544,110.11999999999999,-0.6648000000000005,53.93,3,1,0,1,8,0.4814615414513411,0.25
21364,N1C=CC2=C1ON=N2,5.487299860894957,2.7436499304474786,3.398438529754804,2.104748188235212,109.08800000000001,0.5509,54.71,3,1,0,2,8,0.5370668166104893,0.0
21398,N=C1N=CN=NC=N1,2.2682377455266227,1.1341188727633114,5.1596439263046845,11.736832040096369,109.092,-1.2539300000000002,75.41,5,1,0,1,8,0.45112201037712024,0.0
21644,NC1=NNC(=N)C=N1,3.5249112394099944,1.7624556197049972,3.3903574740860987,3.2609399276718936,111.10799999999999,-1.1336300000000004,91.44,4,3,0,1,8,0.39511123841144535,0.0
21645,NC1=NNC(=N)N=C1,3.526778817749819,1.7633894088749096,3.5390142870550556,3.55129220492791,111.10799999999999,-1.1336300000000004,91.44,4,3,0,1,8,0.39511123841144535,0.0
21703,NC=[NH+]C1=CN=N[N-]1,3.7485181710799083,1.8742590855399541,3.439622325267158,3.156180976193018,111.108,-2.8670999999999998,79.87,2,2,1,1,8,0.3014169707634652,0.0
21706,NC=[NH+]C1=NC=N[N-]1,3.681518323764763,1.8407591618823815,3.3541089280330603,3.0558171145014588,111.108,-2.8670999999999998,79.87,2,2,1,1,8,0.3014169707634652,0.0
21741,O1C=CC2=C1ON=N2,5.6120779412512976,2.8060389706256488,3.8798931185615833,2.6823523780400502,110.072,0.8157999999999999,52.06,4,0,0,2,8,0.5032567358883028,0.0
21769,O=C1C=CN=NC=C1,3.3976683521647257,1.6988341760823629,4.851167984853628,6.926464968917556,108.1,-0.1632,42.85,3,0,0,1,8,0.4633216081783914,0.0
21770,O=C1N=CN=NC=N1,2.184472017800128,1.092236008900064,5.358810695368449,13.145900627152267,110.076,-1.3732000000000002,68.63,5,0,0,1,8,0.41166254147036513,0.0
21783,O=CC1=CN=NC=N1,3.600444801672184,1.800222400836092,4.9003050911782,6.669450945470524,109.088,-0.31590000000000007,55.74,4,0,1,1,8,0.4637375140737505,0.0
21891,OC1=NNC(=N)C=N1,3.834731477324787,1.9173657386623935,3.872914390754861,3.9114774963539642,112.092,-1.0102300000000002,85.65,4,3,0,1,8,0.4016137695749654,0.0
22001,ON=C1C=CC=CC=C1,5.130627055226074,2.565313527613037,3.209286183460143,2.007457898709876,121.13899999999997,0.9765,32.59,2,1,0,1,9,0.4024160078900727,0.0
22029,ON=C1C=CN=NC=C1,3.330192186384488,1.665096093192244,4.234354010690974,5.383999746669471,123.115,-0.23350000000000004,58.370000000000005,4,1,0,1,9,0.3825288285647286,0.0
22054,CC(=N[O-])C#CC(N)=[NH2+],2.63406761188993,1.317033805944965,2.7992541618208744,2.9747998218046203,125.13100000000001,-1.9351999999999991,87.03,2,2,0,0,9,0.1707202295835778,0.2
22209,NC(=[NH2+])C(CC#C)=N[O-],3.6970542600562837,1.8485271300281418,2.728981500197597,2.014398357330939,125.13099999999999,-1.9351999999999994,87.03,2,2,2,0,9,0.1946133214362789,0.2
22213,NC(=[NH2+])C(CC=O)=N[O-],3.5867437863535567,1.7933718931767784,2.9282659832724613,2.3906758273102353,129.119,-2.3694999999999995,104.10000000000001,3,2,3,0,9,0.19241076520778433,0.25
22229,C[NH2+]CC(=O)C(C)=N[O-],3.2773282183369745,1.6386641091684873,3.3009651385702403,3.3247725342520704,130.147,-1.2925999999999995,69.1,3,1,3,0,9,0.38110423622467227,0.6
22230,C[NH2+]CC(=N[O-])C(C)=O,5.012031641230349,2.5060158206151746,3.930804168971738,3.082825991699574,130.147,-1.2925999999999995,69.1,3,1,3,0,9,0.38110423622467227,0.6
22438,C[NH+]=C(N)C(C=O)=N[O-],3.5815236814359066,1.7907618407179533,3.1151539246872573,2.7095127207434277,129.119,-2.8082999999999982,92.48,3,2,2,0,9,0.18230127539338634,0.25
22441,CNC(=[NH2+])C(C=O)=N[O-],3.581450984910753,1.7907254924553766,3.1149685443992543,2.7092452398419744,129.119,-2.498899999999999,90.11,3,2,2,0,9,0.18677014432468933,0.25
22482,NC=[NH+]CC(CO)=N[O-],5.514277021578499,2.7571385107892494,2.8178429264716547,1.4399419411093337,131.135,-3.0148999999999986,95.64,3,3,3,0,9,0.2160116999553468,0.5
22543,C[NH2+]C(C#C)C(C)=N[O-],5.370689013530682,2.685344506765341,2.7836841677036746,1.4428125564526006,126.15899999999999,-0.8598999999999992,52.03,2,1,2,0,9,0.2919893548633277,0.5
22652,ON=C1CNC(C=O)=C1,3.1313751889027897,1.5656875944513948,3.7666472298120364,4.530798929534192,126.11499999999997,-0.49740000000000006,61.690000000000005,4,2,1,0,9,0.2827152906027198,0.2
22876,CN1C=CC(=NO)C1=N,3.7471990674700466,1.8735995337350233,3.383241388692062,3.054634164895615,125.131,0.25297000000000003,59.68,3,2,0,0,9,0.3599257442977565,0.2
22971,[O-]N=C(C#N)C1CC[NH2+]1,4.689025053189235,2.3445125265946176,4.075013197234722,3.5414041019769735,125.131,-1.2155199999999995,75.82,3,1,1,0,9,0.35217454035206364,0.6
22973,[O-]N=C(C=O)C1CC[NH2+]1,4.365952669166214,2.182976334583107,4.243259682161501,4.124014641160978,128.131,-1.540199999999999,69.1,3,1,2,0,9,0.2779687732546189,0.6
22979,OCC(=N[O-])C1CC[NH2+]1,5.340987407629182,2.670493703814591,2.6539476633090864,1.318752069986677,130.147,-1.7467999999999986,72.26,3,2,2,0,9,0.34357242720413894,0.8
23066,CC(=N[O-])C12C[NH+]1CC2,5.12699519308188,2.56349759654094,2.7931918955884925,1.5217336220850706,126.159,-1.0139000000000002,39.86,2,1,1,0,9,0.27268467723147466,0.8333333333333334
23140,[O-]N=C(CC#C)C1C[NH2+]1,5.151345826801317,2.5756729134006586,2.9552008786154684,1.695326333466617,124.14299999999999,-1.1059,52.03,2,1,2,0,9,0.21575518897046717,0.5
23152,COCC(=N[O-])C1C[NH2+]1,5.1129334129324056,2.5564667064662028,2.939113665488304,1.6895172381495467,130.147,-1.4827999999999986,61.26,3,1,3,0,9,0.2874513663048714,0.8
23364,NC(=[NH2+])C(=N[O-])C1CN1,5.609834098625595,2.8049170493127975,3.494220597508503,2.1764596544921027,128.135,-2.986699999999999,108.97,3,3,2,0,9,0.15956065094124103,0.5
23509,ON=C1C=C2NC3C2C13,3.231033734264576,1.615516867132288,3.730712364089314,4.30766618001184,122.12699999999998,-0.06810000000000022,44.620000000000005,3,2,0,0,9,0.34875083439575616,0.5
23615,[O-]N=C(C1C[NH2+]1)C1CO1,6.329276168377985,3.1646380841889923,3.1717388920018297,1.5894278162956303,128.131,-1.7303999999999993,64.56,3,1,2,0,9,0.2726460288651786,0.8
23724,FC1=CNC(=N)C=N1,3.936367978944611,1.9681839894723054,3.644302859758204,3.3739079793049753,113.095,0.028269999999999906,52.53,2,2,0,1,8,0.4895535305187855,0.0
23840,FC1=NNC(=N)C=N1,3.989314390916774,1.994657195458387,4.306239099422887,4.6483413850812,114.083,-0.5767300000000002,65.42,3,2,0,1,8,0.4736680309208768,0.0
23841,FC1=NNC(=N)N=C1,3.9412053363070005,1.9706026681535003,4.343538279543398,4.7869428705120445,114.083,-0.5767300000000002,65.42,3,2,0,1,8,0.4736680309208768,0.0
24471,N1C=NC2=CN=CC2=C1,3.747975719854452,1.873987859927226,3.3725326657225,3.034698576384322,119.12699999999997,0.9094999999999999,41.57,2,1,0,0,9,0.5596120928940226,0.0
24525,N1C=CC=C2C=NC=C12,3.4067701405362643,1.7033850702681321,3.2450463716324625,3.0909998384532678,118.139,1.5145,28.68,1,1,0,0,9,0.5577469355652159,0.0
24528,N1C=CN=C2C=CC=C12,3.476609720622413,1.7383048603112066,3.3027602908286378,3.137604279815907,118.13899999999997,1.5145,28.68,1,1,0,0,9,0.5577469355652158,0.0
24530,N1C=CN=C2C=NC=C12,3.16932421262935,1.584662106314675,3.7417831990305057,4.4176425538147885,119.12699999999998,0.9094999999999999,41.57,2,1,0,0,9,0.5596120928940226,0.0
24535,N1C=NC=C2C=NC=C12,3.620226050556126,1.810113025278063,3.628513041386603,3.6368190018107085,119.12699999999998,0.9095,41.57,2,1,0,0,9,0.5596120928940226,0.0
24538,O1C=CC=C2C=CC=C12,3.517437472517582,1.758718736258791,3.4099151410998925,3.3056795921321607,118.13499999999998,2.3844000000000003,13.14,1,0,0,0,9,0.5172638231115011,0.0
24540,O1C=CC=C2C=NC=C12,3.262478487559379,1.6312392437796894,3.8431876639790294,4.527260938848341,119.12299999999999,1.7793999999999999,26.03,2,0,0,0,9,0.5279104464426179,0.0
24543,O1C=CN=C2C=CC=C12,3.3358371244938385,1.6679185622469193,3.9251721936243786,4.618623804044326,119.12299999999996,1.7794,26.03,2,0,0,0,9,0.5279104464426179,0.0
24545,O1C=CN=C2C=NC=C12,3.0549657432008637,1.5274828716004318,4.39332121443117,6.317999256171009,120.11099999999998,1.1743999999999999,38.92,3,0,0,0,9,0.523508414993075,0.0
24548,O1C=NC=C2C=CC=C12,3.6823054185497828,1.8411527092748914,3.7618813819631125,3.843177010975406,119.12299999999998,1.7794,26.03,2,0,0,0,9,0.5279104464426179,0.0
24550,O1C=NC=C2C=NC=C12,3.468678176138853,1.7343390880694265,4.225716094904359,5.147977300854946,120.11099999999999,1.1743999999999999,38.92,3,0,0,0,9,0.523508414993075,0.0
24760,O=C1C=CC2=C1C=CN2,3.260808851252262,1.630404425626131,3.7478452112633747,4.307625613257132,119.12299999999999,1.2242,32.86,1,1,0,1,9,0.5469036560747935,0.0
24761,O=C1C=CC2=C1C=CO2,3.220190156453046,1.610095078226523,4.2042165097390285,5.4889418332460345,120.10699999999999,1.4891,30.21,2,0,0,1,9,0.5188016580960877,0.0
24762,O=C1C=CC2=C1N=CN2,3.37795434570588,1.68897717285294,4.126019246093737,5.039746863594295,120.111,0.6192,45.75,2,1,0,1,9,0.5450731866706039,0.0
24763,O=C1C=CC2=C1N=CO2,3.372282122919328,1.686141061459664,4.599870453432469,6.2743291981882585,121.095,0.8841,43.1,3,0,0,1,9,0.5113863878448772,0.0
24764,O=C1C=CC2=C1NC=C2,3.393624496600882,1.696812248300441,3.843508811708804,4.353033165714031,119.12299999999999,1.2242,32.86,1,1,0,1,9,0.5469036560747935,0.0
24765,O=C1C=CC2=C1NC=N2,3.4112576243599864,1.7056288121799932,4.185670125157654,5.135887208144922,120.111,0.6192,45.75,2,1,0,1,9,0.5450731866706039,0.0
24766,O=C1C=CC2=C1OC=C2,3.4054597647629126,1.7027298823814563,4.3065132003405004,5.445977114928019,120.10699999999999,1.4891,30.21,2,0,0,1,9,0.5188016580960877,0.0
24767,O=C1C=CC2=C1OC=N2,3.452512683480453,1.7262563417402266,4.670901877926675,6.319259725709408,121.095,0.8841000000000001,43.1,3,0,0,1,9,0.5113863878448772,0.0
24768,O=C1C=CC2=CC=CN12,3.5473710190928234,1.7736855095464117,4.065858159328762,4.660127875772021,119.12299999999999,1.1551,22.0,2,0,0,1,9,0.5018422900964954,0.0
24770,O=C1C=CC2=NC=CN12,3.521341773546831,1.7606708867734155,4.522451841070903,5.808175397358542,120.111,0.5501,34.89,3,0,0,1,9,0.5007546101917969,0.0
24846,N=C1NC(=N)N=CC=N1,3.9149308877970523,1.9574654438985262,4.676200703035982,5.585501670855493,123.119,-1.2363600000000003,89.27,4,3,0,1,9,0.40264140129729487,0.0
24871,N=C1NC(=CC=N1)C#N,3.708564225977887,1.8542821129889435,4.512187320627676,5.489950605092896,120.115,-0.23914999999999992,76.32,3,2,0,1,9,0.49537177739410915,0.0
24872,N=C1NC(=CN=C1)C#C,3.8035006509356353,1.9017503254678176,3.789719060248112,3.775987405727113,119.12699999999998,-0.12952999999999987,52.53,2,2,0,1,9,0.45910158167698883,0.0
24873,N=C1NC(=CN=C1)C#N,3.8086805691118255,1.9043402845559128,4.41608227354915,5.1203513376557055,120.115,-0.23914999999999992,76.32,3,2,0,1,9,0.49537177739410915,0.0
25164,N=C1NC=CN=C1C#N,3.776204868494445,1.8881024342472226,4.321543286412091,4.9456364330623135,120.11500000000001,-0.23914999999999992,76.32,3,2,0,1,9,0.49537177739410915,0.0
25197,N=C1NC=CN=CC1=O,3.9468740243652345,1.9734370121826172,4.05222025291537,4.160378283362709,123.115,-0.7506300000000001,69.6,3,2,0,1,9,0.47616210432172046,0.0
25304,O=CC(=O)N1C=CC=C1,3.782692206244058,1.891346103122029,4.487127188451375,5.322746157380714,123.11099999999996,0.32719999999999994,39.07,3,0,1,1,9,0.39836238033561794,0.0
25305,O=CC(=O)N1C=CN=C1,3.8819534915101817,1.9409767457550908,4.95444883807732,6.323250225127362,124.09899999999998,-0.27780000000000016,51.96,4,0,1,1,9,0.38194238695293437,0.0
25328,N=C1C=C(NC=N1)C=O,3.6807171314081057,1.8403585657040529,4.391494222147798,5.239528280669501,123.11499999999998,-0.29833,69.6,3,2,1,1,9,0.5032047253335238,0.0
25330,N=C1C=CNC(C=O)=N1,3.6119535070552766,1.8059767535276383,4.255491245068606,5.013687385920834,123.11499999999998,-0.29832999999999993,69.6,3,2,1,1,9,0.5032047253335238,0.0
25340,N=C1OC=CC(C=O)=C1,3.7400519091943125,1.8700259545971563,4.392628402353794,5.159068577024601,123.11099999999998,0.57157,54.06,3,1,1,1,9,0.5548370702167199,0.0
25341,N=C1OC=CC(C=O)=N1,3.7627292000299355,1.8813646000149677,4.86331924146129,6.285829457028012,124.09899999999999,-0.033430000000000015,66.95,4,1,1,1,9,0.5341749208631142,0.0
25382,N=C1NC(C=O)=CN=C1,3.406997969124695,1.7034989845623476,4.4226146964797985,5.74098397791068,123.11499999999998,-0.2983300000000002,69.6,3,2,1,1,9,0.5032047253335238,0.0
25383,N=C1NC(C=O)=NC=C1,3.547510632329699,1.7737553161648496,4.485436065909719,5.671339366261785,123.11499999999998,-0.29833000000000043,69.6,3,2,1,1,9,0.5032047253335238,0.0
25384,N=C1NC(C=O)=NC=N1,3.6169008346413807,1.8084504173206903,5.002693764489058,6.919444586801658,124.103,-0.9033300000000004,82.49,4,2,1,1,9,0.4755579227487542,0.0
25385,N=C1OC(C=O)=CC=C1,3.617560645260868,1.808780322630434,4.435295890853901,5.437876947604545,123.11099999999996,0.57157,54.06,3,1,1,1,9,0.5548370702167199,0.0
25386,N=C1OC(C=O)=CC=N1,3.638770666838828,1.819385333419414,4.968512025347534,6.7841900483025075,124.09899999999998,-0.033430000000000015,66.95,4,1,1,1,9,0.5341749208631142,0.0
25400,N=C1NC=CN=C1C=O,3.5726816754723822,1.7863408377361911,4.2496539844278285,5.054902907065033,123.115,-0.29833,69.6,3,2,1,1,9,0.5032047253335238,0.0
25531,[NH2+]=CNC1=COC(=O)[N-]1,2.988267295961677,1.4941336479808385,2.918062028421743,2.849506137962974,127.10299999999998,-2.2036999999999995,81.93,2,2,2,1,9,0.3485395608798593,0.0
25821,NC(=[NH2+])C1=NC=C([O-])N1,3.6647479740196705,1.8323739870098352,2.804743381702006,2.146555641198093,126.11899999999999,-3.0523,103.35,2,3,1,1,9,0.27480765653508354,0.0
25860,NC(=[NH2+])C1=CNC(=O)[N-]1,3.022933583351285,1.5114667916756426,2.5696520488676686,2.184338977414603,126.11899999999999,-3.2035,98.57,1,3,1,1,9,0.27270264932508054,0.0
26187,CC([NH3+])C1=CC([O-])=CO1,1.9888977204327292,0.9944488602163646,1.796114430928042,1.6220175707607878,127.14299999999997,-0.3439000000000001,63.84,2,1,1,1,9,0.5603247706405755,0.3333333333333333
26539,CC1=C([O-])C(=[NH2+])C=CO1,3.575860671772637,1.7879303358863186,2.942025745537974,2.420540474558684,125.127,-1.6785799999999997,61.79,2,1,0,1,9,0.4499377803379527,0.16666666666666666
26861,CC1=C(N)N=CC(=N)O1,3.3810544202854587,1.6905272101427293,3.3763638721160687,3.3716798311599305,125.13099999999999,0.04469000000000001,75.9,4,2,0,1,9,0.5137808241511067,0.2
26863,CC1=C(N)N=CC(=O)O1,3.5243988315911716,1.7621994157955858,3.730199110610353,3.948016688711787,126.11499999999998,-0.07457999999999998,69.12,4,1,0,1,9,0.5276906654146134,0.2
26877,CC1=C(O)N=CC(=N)N1,3.594707525311925,1.7973537626559626,3.118171610828748,2.704808145339905,125.131,-0.09681000000000017,72.76,3,3,0,1,9,0.45279932186497124,0.2
26878,CC1=C(O)N=CC(=N)O1,3.6930286325633057,1.8465143162816529,3.704559535733289,3.7161264423414107,126.115,0.16808999999999985,70.11000000000001,4,2,0,1,9,0.5200919925751156,0.2
26880,CC1=C(O)N=CC(=O)O1,3.9113365957227884,1.9556682978613942,4.124154140599395,4.348551181716963,127.09899999999999,0.04881999999999981,63.330000000000005,4,1,0,1,9,0.5343776283607115,0.2
26905,NC1=C(O)N=CC(=N)O1,3.376127562029975,1.6880637810149874,3.1155487869524974,2.8750821956634933,127.103,-0.5581300000000002,96.13000000000001,5,3,0,1,9,0.43492977177547953,0.0
26907,NC1=C(O)N=CC(=O)O1,3.5400175084030003,1.7700087542015002,3.453694758045816,3.3694769738961545,128.087,-0.6774000000000002,89.35000000000001,5,2,0,1,9,0.4828892180234132,0.0
26912,NC1=C(O)OC(=N)C=N1,3.6603227351558205,1.8301613675779103,3.3879342538829573,3.1358159755672053,127.103,-0.5581300000000002,96.13000000000001,5,3,0,1,9,0.43492977177547953,0.0
26915,NC1=C(O)OC(=O)C=N1,3.65800587711672,1.82900293855836,3.7885565150475955,3.9237663770575733,128.087,-0.6774000000000002,89.35000000000001,5,2,0,1,9,0.4828892180234132,0.0
26921,OC1=C(O)N=CC(=N)N1,3.599473295113273,1.7997366475566365,3.0510098978178566,2.5861176437175346,127.103,-0.6996300000000004,92.99000000000001,4,4,0,1,9,0.37096398232585476,0.0
26922,OC1=C(O)N=CC(=N)O1,3.5358931978165087,1.7679465989082543,3.588483274584085,3.6418555345284966,128.087,-0.4347300000000002,90.34,5,3,0,1,9,0.44161162929250825,0.0
27294,CC1=CC(=[NH2+])C([O-])=CO1,3.6136674295970828,1.8068337147985414,2.9549646187659606,2.4163307964209206,125.127,-1.6785799999999995,61.79,2,1,0,1,9,0.4499377803379527,0.16666666666666666
27431,NC1=CC(=N)C=NC=N1,3.992915264059609,1.9964576320298044,3.747988642412572,3.5180858933058303,122.131,-0.4617300000000002,75.65,4,2,0,1,9,0.4884561426093508,0.0
27438,NC1=CC(=O)N=CC=N1,3.847617757840629,1.9238088789203145,4.207280768996501,4.60056392896526,123.115,-0.5810000000000004,68.87,4,1,0,1,9,0.5006877179989753,0.0
28830,NC1=CC=CC(=O)C=N1,3.850246313996878,1.925123156998439,3.6508423956018667,3.461765588624828,122.127,0.023999999999999855,55.980000000000004,3,1,0,1,9,0.5275485054225355,0.0
28836,NC1=CN=CC(=N)C=N1,3.3864953921714562,1.6932476960857281,3.713280587481771,4.071599433811031,122.13099999999999,-0.4617300000000002,75.65,4,2,0,1,9,0.4884561426093508,0.0
28839,NC1=CN=CC(=O)C=N1,3.82003113213333,1.910015566066665,3.9229239294740976,4.028588151281947,123.11499999999998,-0.5810000000000002,68.87,4,1,0,1,9,0.5006877179989753,0.0
28851,OC1=CC=CC(=O)C=N1,4.059480971065293,2.0297404855326464,4.147930766733397,4.2383077462975445,123.11099999999999,0.14739999999999998,50.19,3,1,0,1,9,0.5337351644992331,0.0
29051,NC1=CN=CC=NC1=N,3.6805861228226036,1.8402930614113018,3.777547852745001,3.8770639522041543,122.13099999999999,-0.4617299999999999,75.65,4,2,0,1,9,0.4884561426093508,0.0
29052,NC1=CN=CC=NC1=O,3.9778097921906648,1.9889048960953324,3.994702087019444,4.011666117210015,123.11499999999998,-0.581,68.87,4,1,0,1,9,0.5006877179989753,0.0
29053,NC1=CN=CN=CC1=N,3.7080031670372913,1.8540015835186456,3.6489507160286947,3.59083871512573,122.13099999999999,-0.4617299999999999,75.65,4,2,0,1,9,0.4884561426093508,0.0
29054,NC1=CN=CN=CC1=O,3.8164796629804227,1.9082398314902114,3.9677127368781497,4.124938622125668,123.11499999999998,-0.581,68.87,4,1,0,1,9,0.5006877179989753,0.0
29144,CC1=NC(N)=COC1=N,3.64000919956905,1.820004599784525,3.296441581634669,2.985302098252003,125.13099999999999,0.04469000000000023,75.9,4,2,0,1,9,0.5137808241511067,0.2
29558,CC1=COC=C([O-])C1=[NH2+],3.6551374335238194,1.8275687167619097,3.0356978378029806,2.521235255867606,125.127,-1.6785799999999993,61.790000000000006,2,1,0,1,9,0.4499377803379527,0.16666666666666666
29564,NC1=COC=C([O-])C1=[NH2+],3.548957913511628,1.774478956755814,3.076447419202887,2.6668472700357073,126.115,-2.4048,87.81,3,2,0,1,9,0.4057149976342613,0.0
29822,CN1C=C(N)N=CC1=O,3.6009160980617927,1.8004580490308963,3.285733974176371,2.9981392109824125,125.131,-0.6375000000000002,60.910000000000004,4,1,0,1,9,0.5014678028929576,0.2
29825,CN1C=C(O)N=CC1=N,3.6339880719725484,1.8169940359862742,3.1938434214548033,2.807008608378058,125.13099999999999,-0.39482999999999996,61.9,4,2,0,1,9,0.49547631082122384,0.2
30457,CN=C1NC=C(O)C=N1,3.581687401792046,1.790843700896023,3.178046679203968,2.81989452517436,125.13099999999997,-0.3542000000000002,61.269999999999996,3,2,0,1,9,0.4973167961083011,0.2
30458,CN=C1NC=C(O)N=C1,3.4183706918650554,1.7091853459325277,3.2232697107280934,3.039303973914162,125.13099999999997,-0.3542000000000003,61.269999999999996,3,2,0,1,9,0.4973167961083011,0.2
30464,CN=C1OC=C(N)N=C1,3.2522182977374166,1.6261091488687083,3.4730673163495647,3.708913572095481,125.131,-0.21270000000000028,64.41,4,1,0,1,9,0.5212813607039272,0.2
30466,CN=C1OC=C(O)N=C1,3.5801124686452637,1.7900562343226318,3.8200658213288325,4.076101800457339,126.11499999999998,-0.08929999999999999,58.620000000000005,4,1,0,1,9,0.5281372042428226,0.2
30538,NC=[NH+]C1=CC=C([O-])O1,2.7142029531314726,1.3571014765657363,2.366718015866534,2.063719723009196,126.11499999999997,-1.9476999999999995,76.19,2,2,1,1,9,0.33901742040344074,0.0
30540,NC=[NH+]C1=CN=C(O)[N-]1,3.1634499981923683,1.5817249990961841,2.5302161508647343,2.0237379360365817,126.11899999999999,-2.5565,87.21000000000001,2,3,1,1,9,0.2852245140078531,0.0
30546,NC=[NH+]C1=C[N-]C(=N)O1,2.6745810267038,1.3372905133519,2.439135172373984,2.2244158354940486,126.11899999999999,-2.5846299999999998,91.08,2,3,1,1,9,0.28476729824972474,0.0
30549,NC=[NH+]C1=COC(=O)[N-]1,2.607261054613856,1.303630527306928,2.8736659658405284,3.1672916176217756,127.10299999999998,-2.7039,84.30000000000001,2,2,1,1,9,0.3172460428105241,0.0
30552,NC=[NH+]C1=COC([O-])=N1,2.6071417691923378,1.3035708845961689,2.8737828320009293,3.1676941634292897,127.10299999999998,-2.5527000000000006,89.08,3,2,1,1,9,0.32074114314145635,0.0
30706,CC1=C(C[NH3+])OC=C1[O-],2.029188795545506,1.014594397772753,1.954892638511635,1.8833167404118363,127.14299999999997,-0.5964800000000001,63.84,2,1,1,1,9,0.5472997973965547,0.3333333333333333
30762,NC1=COC(C[NH3+])=C1[O-],5.871065208293482,2.935532604146741,1.93869846608795,0.6401822512722957,128.131,-1.3227000000000004,89.86,3,2,1,1,9,0.4909977050956319,0.2
31171,NC1=COC([O-])=C1C[NH3+],6.011498707266437,3.0057493536332185,1.5605503655429516,0.40510986727029225,128.131,-1.3226999999999995,89.86,3,2,1,1,9,0.4909977050956319,0.2
32344,CNC1=CNC(=O)C=N1,3.4636361415205474,1.7318180707602737,3.232485430293198,3.0167608923466984,125.13099999999999,-0.18840000000000007,57.78,3,2,1,1,9,0.5466441199083468,0.2
32347,CNC1=COC(=N)C=N1,3.4707988745992706,1.7353994372996353,3.3980174640576792,3.3267622536538113,125.131,0.1957699999999999,61.910000000000004,4,2,1,1,9,0.5630314552158009,0.2
32350,CNC1=COC(=O)C=N1,3.41185427841721,1.705927139208605,3.754747015062112,4.1321006105976155,126.115,0.07649999999999985,55.13,4,1,1,1,9,0.5783960237525225,0.2
32352,COC1=CNC(=N)C=N1,3.5781726597856265,1.7890863298928132,3.204842810629055,2.8704644569767894,125.13099999999999,-0.10223000000000015,61.760000000000005,3,2,1,1,9,0.5500670222678835,0.2
32357,COC1=COC(=N)C=N1,3.6361901198850113,1.8180950599425056,3.7670982393713137,3.902719241072912,126.115,0.16266999999999993,59.11,4,1,1,1,9,0.5827623555485207,0.2
32360,COC1=COC(=O)C=N1,3.7520203527013547,1.8760101763506773,4.244868318850304,4.80245450465264,127.09899999999999,0.04339999999999988,52.33,4,0,1,1,9,0.5341905958976026,0.2
32866,C[NH2+]CC1=CC([O-])=CO1,2.219743467701135,1.1098717338505675,1.6432055127261376,1.216412795596573,127.14299999999997,-0.9535999999999993,52.81,2,1,2,1,9,0.5563275689541232,0.3333333333333333
34480,C#CC1=C2CC3C2N3C1,3.5192114226869506,1.7596057113434753,3.7515110846304127,3.9991446172788767,117.15099999999998,0.3863,3.01,1,0,0,0,9,0.3273635735918763,0.5
36993,C1=C2C3C4C1C1C2C3N41,2.3195290551833616,1.1597645275916808,3.6997355374617253,5.901216463130334,117.15099999999998,0.23719999999999997,3.24,1,0,0,0,9,0.4106433506245286,0.75
36994,C1=C2C3C4C1C1C4C3C21,2.6484281940376855,1.3242140970188427,3.474831966809202,4.559103103018581,116.16299999999997,1.2942,0.0,0,0,0,0,9,0.41829685556131085,0.7777777777777778
37079,C1C2=CC3C=C1C1C2N31,3.6988110758175226,1.8494055379087613,3.918991437202794,4.152278548445257,117.15099999999998,0.6915,3.01,1,0,0,0,9,0.333044722174448,0.5
37080,C1C2=CC3C=C1C1C3C21,3.8253906208073367,1.9126953104036684,3.266679141626116,2.789569398819464,116.16299999999997,1.7485,0.0,0,0,0,0,9,0.42283493100670105,0.5555555555555556
37081,C1C2=CC3N=C1N1C3C21,4.832348159877528,2.416174079938764,3.2096632476517852,2.1318700189821795,118.13899999999998,0.16360000000000008,15.37,2,0,0,0,9,0.3266078379371816,0.5714285714285714
37493,C1C2C3C1C1C=C3CC21,2.890706165340543,1.4453530826702714,3.4127168199752287,4.028993411016506,118.17899999999997,1.8284,0.0,0,0,0,0,9,0.4255627929139402,0.7777777777777778
37495,C1C2C3C1N1CC3=CC21,2.6540242343134217,1.3270121171567109,3.7007494482647614,5.160294432041945,119.16699999999997,0.6289,3.24,1,0,0,0,9,0.4226325479832765,0.75
37496,C1C2C3N1C1C=C3CC21,2.941658184438984,1.470829092219492,3.6594749593470572,4.552451759667021,119.16699999999997,0.6289000000000001,3.24,1,0,0,0,9,0.4226325479832765,0.75
37497,C1C2C3N1C1CC3=CC21,2.9717806880572732,1.4858903440286366,3.5025912210351984,4.128213535734641,119.16699999999997,0.6289000000000001,3.24,1,0,0,0,9,0.4226325479832765,0.75
37498,N1C2C3C1C1N=C3OC21,4.219035683809046,2.109517841904523,3.409281683019309,2.7549427085379072,122.127,-0.8639000000000003,33.620000000000005,3,1,0,0,9,0.4531353150295429,0.8333333333333334
37499,O1C2C3C1C1N=C3OC21,4.220757437147727,2.1103787185738634,3.577733569809782,3.0326730894049807,123.11099999999999,-0.43690000000000007,30.82,3,0,0,0,9,0.437031879628954,0.8333333333333334
37750,C1C2C3C=C4C=CC13C24,3.548453503571131,1.7742267517855654,3.2433226084229045,2.9644298654951475,116.16299999999997,1.7485,0.0,0,0,0,0,9,0.4520073206054706,0.5555555555555556
37751,C1N2C3C=C4C=CC13C24,3.2605739386866786,1.6302869693433393,3.4330058607459066,3.6145566582866135,117.15099999999998,0.5489999999999999,3.24,1,0,0,0,9,0.4475660300077204,0.5
37992,C1C2C=C3C=C1C1C3N21,3.106655625679012,1.553327812839506,3.6538681822855503,4.297467856805235,117.15099999999997,0.6915,3.01,1,0,0,0,9,0.4217745729331246,0.5
41211,C1CC23CC4(CCC24)C13,7.397279122004975,3.6986395610024876,1.8732927882942927,0.47439414043960765,120.19499999999998,2.1965000000000003,0.0,0,0,0,0,9,0.45943927105597787,1.0
41213,C1CC23CC4(COC24)C13,7.033705528977217,3.5168527644886085,2.312629236698432,0.760375020591752,122.16699999999997,1.1853,9.23,1,0,0,0,9,0.4685880881141312,1.0
41215,C1CC23CC4(OCC24)C13,7.312060853346635,3.6560304266733175,2.367796742399104,0.7667416239772957,122.16699999999997,1.1853,9.23,1,0,0,0,9,0.4685880881141312,1.0
42212,O=C(C#N)C1=NCCN1,3.4782335916273985,1.7391167958136993,4.758108379441459,6.5089347089878435,123.11500000000001,-0.9192200000000001,65.25,4,1,1,0,9,0.45844402993591926,0.4
42744,O=C1C2NC(C=C2)C1=O,4.142533245693271,2.0712666228466357,3.977825832330858,3.8196671973143377,123.11099999999998,-0.9652000000000003,46.17,3,1,0,0,9,0.3329286823957747,0.3333333333333333
43128,O=C1C2CCC(N2)C1=O,3.5691942630178293,1.7845971315089146,4.128885385282161,4.776342577213053,125.127,-0.7412000000000001,46.17,3,1,0,0,9,0.4335443907417483,0.6666666666666666
43129,O=C1C2CCC(O2)C1=O,3.6442110705763153,1.8221055352881577,4.432710521649362,5.391817923881553,126.11099999999999,-0.31420000000000003,43.370000000000005,3,0,0,0,9,0.41784415263352426,0.6666666666666666
43131,O=C1C2COC(O2)C1=O,3.667941852045957,1.8339709260229784,4.677794288325432,5.965677834201358,128.083,-1.1203,52.6,4,0,0,0,9,0.38759353770088273,0.6
43243,O=C1C=C2C=CC3C2N13,4.124826217117612,2.062413108558806,4.285227611970122,4.451866507778153,119.12299999999998,0.07559999999999989,20.08,1,0,0,0,9,0.41320715552073295,0.2857142857142857
43263,O=C1C=CC(C#C)C1=O,3.7145491560070787,1.8572745780035393,4.6943496748608915,5.932595839855555,120.10699999999999,-0.05620000000000003,34.14,2,0,0,0,9,0.3313689125195818,0.14285714285714285
43275,O=C1C=CC2(CN2)C1=O,3.6926706112272516,1.8463353056136258,4.492559752589241,5.465717161238188,123.111,-0.9636000000000002,56.080000000000005,3,1,0,0,9,0.3330395267749636,0.3333333333333333
43276,O=C1C=CC2(CO2)C1=O,3.7438789900805496,1.8719394950402748,4.701160011967664,5.903210418039795,124.095,-0.5366000000000002,46.67,3,0,0,0,9,0.32169520188677203,0.3333333333333333
43503,N=C1NC(=CC1=O)C#C,3.7752771398787464,1.8876385699393732,4.50808989286745,5.383147707886257,120.11099999999998,-0.34692999999999996,52.95,2,2,0,0,9,0.429269517623672,0.0
43504,N=C1NC(=CC1=O)C#N,3.788322404761567,1.8941612023807834,5.14940357914515,6.999498561047576,121.09899999999999,-0.45655,76.74000000000001,3,2,0,0,9,0.4550401450253802,0.0
43505,O=C1CC(=CC1=O)C#C,3.5087135557940705,1.7543567778970353,4.7484719447265435,6.42628286729783,120.10699999999997,0.08789999999999992,34.14,2,0,0,0,9,0.33506505822406835,0.14285714285714285
43506,O=C1CC(=CC1=O)C#N,3.434681580388372,1.717340790194186,5.3550323988595165,8.349062735996787,121.09499999999998,-0.021720000000000073,57.93,3,0,0,0,9,0.42291874081994785,0.16666666666666666
43507,O=C1NC(=CC1=O)C#C,3.6588205462042724,1.8294102731021362,4.887062523256429,6.527617248403874,121.09499999999997,-0.7976000000000001,46.17,2,1,0,0,9,0.3367073176101237,0.0
45456,O=C1CC2COC2C1=O,3.578777954455958,1.789388977227979,4.575127833561429,5.8488665571906155,126.11099999999999,-0.4567000000000001,43.370000000000005,3,0,0,0,9,0.41247710802155185,0.6666666666666666
45458,O=C1CN2CCC2C1=O,3.1512966002236675,1.5756483001118338,4.3237456923544,5.932407889129302,125.12699999999998,-0.7874999999999999,37.38,3,0,0,0,9,0.39813833033155255,0.6666666666666666
45606,N=C1NC=C(C#C)C1=O,3.6330692537972302,1.8165346268986151,4.248069146454851,4.967175193316268,120.11099999999999,-0.34692999999999996,52.95,2,2,0,0,9,0.429269517623672,0.0
45608,O=C1CC=C(C#C)C1=O,3.7535088450488936,1.8767544225244468,4.690497812990762,5.861387475532788,120.10699999999999,0.08789999999999998,34.14,2,0,0,0,9,0.33506505822406835,0.14285714285714285
45609,O=C1CC=C(C#N)C1=O,3.7610449718826127,1.8805224859413063,5.231709178457029,7.277440480657407,121.095,-0.021720000000000017,57.93,3,0,0,0,9,0.42291874081994785,0.16666666666666666
45610,O=C1NC=C(C#C)C1=O,3.517853977419139,1.7589269887095695,4.689024571734834,6.250103493625875,121.09499999999998,-0.7976000000000001,46.17,2,1,0,0,9,0.3367073176101237,0.0
45714,N=C1NC=CC(=O)C1=O,3.513444754459119,1.7567223772295595,4.878318807457629,6.7734078803975475,124.09899999999999,-0.7812300000000001,70.02000000000001,3,2,0,0,9,0.4159442970252621,0.0
45715,O=C1CC=CC(=O)C1=O,3.738055953771581,1.8690279768857905,4.685712658240776,5.873615426608322,124.09499999999998,-0.34640000000000004,51.21,3,0,0,0,9,0.41468548466265726,0.16666666666666666
45716,O=C1NC=CC(=O)C1=O,3.293912490908904,1.646956245454452,5.224097326911351,8.285342417676597,125.08299999999998,-1.2319000000000002,63.24,3,1,0,0,9,0.4120404609094988,0.0
46028,O=C1CNC(C#C)C1=O,3.8122296433415745,1.9061148216707873,4.771156959818733,5.971292620051403,123.11099999999998,-1.2704,46.17,3,1,0,0,9,0.32246960755074994,0.3333333333333333
46029,O=C1COC(C#C)C1=O,3.6330189779468745,1.8165094889734372,4.878822547101111,6.551826343487447,124.09499999999997,-0.8433999999999999,43.370000000000005,3,0,0,0,9,0.31204402462468656,0.3333333333333333
46474,O=C1CCC2(CN2)C1=O,3.720660509389735,1.8603302546948675,4.391287288223338,5.182790528468493,125.127,-0.7396,56.080000000000005,3,1,0,0,9,0.34245049659727383,0.6666666666666666
46475,O=C1CCC2(CO2)C1=O,3.674032562737143,1.8370162813685715,4.64356900711024,5.868955365961865,126.11099999999999,-0.3126,46.67,3,0,0,0,9,0.3300693199546868,0.6666666666666666
46476,O=C1CNC2(CC2)C1=O,3.527644979335668,1.763822489667834,4.369308138582495,5.411784270161576,125.127,-0.7396,46.17,3,1,0,0,9,0.4336135111532984,0.6666666666666666
46477,O=C1COC2(CC2)C1=O,3.7768639986598,1.8884319993299,4.691052791343633,5.826520705797614,126.11099999999999,-0.3126,43.370000000000005,3,0,0,0,9,0.4179033363278619,0.6666666666666666
47268,N=C1NCCC(=O)C1=O,4.171055681145914,2.085527840572957,4.435916305644335,4.717595490184234,126.115,-0.9048300000000002,70.02000000000001,3,2,0,0,9,0.4128709438474456,0.4
47272,O=C1CCCC(=O)C1=O,4.067772908287888,2.033886454143944,4.3842698875549235,4.725392218370239,126.11099999999999,-0.12240000000000006,51.21,3,0,0,0,9,0.42491413907606174,0.5
47273,O=C1CCNC(=O)C1=O,3.9501949194096246,1.9750974597048123,4.505946311106172,5.139886150632227,127.09899999999998,-1.3555000000000001,63.24,3,1,0,0,9,0.4088016537882325,0.4
47274,O=C1CCOC(=O)C1=O,3.957989370181027,1.9789946850905136,4.920461504401329,6.116979898606461,128.083,-0.9285000000000001,60.440000000000005,4,0,0,0,9,0.3121544480967712,0.4
47275,O=C1CNCC(=O)C1=O,3.7370262223511794,1.8685131111755897,4.575792081390372,5.602816765610385,127.09899999999999,-1.7030999999999996,63.24,4,1,0,0,9,0.39369725012222895,0.4
47276,O=C1COCC(=O)C1=O,3.6870569394913932,1.8435284697456966,4.8916407378287845,6.489769347388185,128.083,-1.2761000000000002,60.440000000000005,4,0,0,0,9,0.38122570756507873,0.4
47284,O=C1CNCC(=O)C=C1,3.895857698711925,1.9479288493559626,4.350028713402427,4.857146043522571,125.12699999999998,-0.716,46.17,3,1,0,0,9,0.4646180131052599,0.3333333333333333
48053,O=CC(=O)C(=O)C1CC1,4.422385706217966,2.211192853108983,4.280517117809784,4.143199624153159,126.11099999999999,-0.2665000000000002,51.21,3,0,3,0,9,0.2969997394879359,0.5
48054,O=CC(=O)C(=O)C1CN1,4.2561756151591865,2.1280878075795933,4.401719365746695,4.552240115699463,127.09899999999999,-1.7047,73.15,4,1,3,0,9,0.2119958753412203,0.4
48055,O=CC(=O)C(=O)C1CO1,3.722392892849921,1.8611964464249604,4.9405928240591654,6.5574640173076055,128.083,-1.2777000000000003,63.74,4,0,3,0,9,0.20541823702738868,0.4
48057,O=CC(=O)C(=O)CC#C,4.428673938433967,2.2143369692169834,4.455611229575578,4.4827123660722865,124.09499999999998,-0.6532,51.21,3,0,3,0,9,0.21718027417836855,0.16666666666666666
48072,O=CC(=O)C12CN(C1)C2,3.278617714552848,1.639308857276424,4.533256724106346,6.268012411278683,125.12700000000001,-0.9300000000000002,37.38,3,0,2,0,9,0.3532228075836295,0.6666666666666666
48080,O=CC(=O)C1=CCOC1,3.9332880775621217,1.9666440387810609,4.874359539179694,6.040590073412142,126.11099999999999,-0.28900000000000015,43.370000000000005,3,0,2,0,9,0.37695431611999247,0.3333333333333333
48081,O=CC(=O)C1=CNCC1,3.5102164087718086,1.7551082043859043,3.759392627308113,4.026256868648053,125.127,-0.3684000000000003,46.17,3,1,2,0,9,0.40436030383885446,0.3333333333333333
48082,O=CC(=O)C1=NCCN1,2.753267094694045,1.3766335473470226,4.587895684110074,7.64502174483543,126.11500000000001,-1.2439000000000002,58.53,4,1,2,0,9,0.37148762364886334,0.4
48132,O=CC(=O)C1OCC=C1,3.777698031296578,1.888849015648289,4.478216436711286,5.308635652688224,126.11099999999998,-0.2906000000000002,43.370000000000005,3,0,2,0,9,0.2898658069936011,0.3333333333333333
48158,O=CC(=O)CN1CCC1,3.3115994161192956,1.6557997080596478,4.274075771093887,5.516284248672466,127.14300000000001,-0.5399,37.38,3,0,3,0,9,0.3772030413855762,0.6666666666666666
48180,O=CC(=O)CNCC#C,3.582540141026679,1.7912700705133395,4.652844504755322,6.042908420623493,125.127,-1.0228000000000002,46.17,3,1,4,0,9,0.22619543787311192,0.3333333333333333
48181,O=CC(=O)CNCC#N,3.912732244852695,1.9563661224263476,5.082664150582228,6.602413160675227,126.11500000000001,-1.1324200000000002,69.96000000000001,4,1,4,0,9,0.22373256172088204,0.4
49106,O=CC1=C(NCC1)C=O,3.2947139624241846,1.6473569812120923,4.161906520016755,5.257350434334272,125.12699999999998,-0.3684000000000003,46.17,3,1,2,0,9,0.5120900681122587,0.3333333333333333
49109,O=CC1=C2CC3C2N3C1,3.466238947053386,1.733119473526693,4.464637685813529,5.750610379163622,121.13899999999998,-0.04800000000000004,20.08,2,0,1,0,9,0.3578813057560846,0.5714285714285714
49118,N=C1NC(C=O)=CC1=O,3.448290376238852,1.724145188119426,5.07185976197586,7.459859419730035,124.09899999999998,-0.7812300000000001,70.02000000000001,3,2,1,0,9,0.4502495216499866,0.0
49119,O=CC1=CC(=O)C(=O)C1,3.1958383669657304,1.5979191834828652,5.210125953070429,8.493987908603494,124.09499999999998,-0.34640000000000015,51.21,3,0,1,0,9,0.3544533466949134,0.16666666666666666
49120,O=CC1=CC(=O)C(=O)N1,3.331053431982138,1.665526715991069,5.394477852344179,8.736092618639182,125.08299999999998,-1.2319000000000002,63.24,3,1,1,0,9,0.35219250671842556,0.0
49129,O=CC1=CC(=O)CC1=O,3.4949610382007235,1.7474805191003617,5.315774563094486,8.085200062828134,124.09499999999998,-0.34640000000000004,51.21,3,0,1,0,9,0.27260155818082366,0.16666666666666666
49134,O=CC1=CC(=O)CNC1,3.4113370808049526,1.7056685404024763,4.484182986721402,5.894432764075291,125.127,-0.7160000000000002,46.17,3,1,1,0,9,0.4704782147691729,0.3333333333333333
49206,O=CC1=CCC(=O)C1=O,3.5898831361999726,1.7949415680999863,4.929898805467133,6.770109585760182,124.09499999999998,-0.34640000000000004,51.21,3,0,1,0,9,0.27260155818082366,0.16666666666666666
49207,O=CC1=CNC(=O)C1=O,3.563762113602844,1.781881056801422,5.072988535369978,7.22136098303649,125.08299999999997,-1.2319000000000002,63.24,3,1,1,0,9,0.27086280043982663,0.0
49699,O=C[C-]1C2C[NH2+]C12C=O,4.345148954858914,2.172574477429457,4.735972412054863,5.161948398262227,125.127,-2.0957099999999995,50.75,2,1,2,0,9,0.33944079838398267,0.5
50450,[NH2+]=C1NC[C-](C=O)C1=O,3.6222441769696117,1.8111220884848058,3.3764612071806535,3.1473555416503,126.11499999999998,-2.91031,71.75999999999999,2,2,1,0,9,0.2920420110475546,0.2
50806,N=CNC(=N)C(=O)C#N,4.199566179127052,2.099783089563526,5.202040165414811,6.44381365320312,124.103,-0.74698,100.59,4,3,2,0,9,0.2563014833278034,0.0
50811,N=C(NC=O)C(=O)C=O,3.6332846639708403,1.8166423319854201,5.547588477449512,8.470500046504915,128.087,-1.5223300000000002,87.09,4,2,3,0,9,0.20919446674120626,0.0
50813,N=CNC(=N)C(=O)C=O,3.8501878701016095,1.9250939350508047,4.701969869178797,5.74219269203656,127.10299999999998,-1.07166,93.87,4,3,3,0,9,0.1948036863141194,0.0
50814,N=CNC(=O)C(=O)C=O,3.320528688568604,1.660264344284302,5.332546864978338,8.563713412591644,128.087,-1.5223300000000002,87.09,4,2,3,0,9,0.1589120696940628,0.0
50815,N=COC(=O)C(=O)C=O,3.971494382123449,1.9857471910617246,5.318696874653184,7.122894740019861,129.07099999999997,-1.0953300000000001,84.28999999999999,5,1,3,0,9,0.13085039349833208,0.0
50816,O=CNC(=O)C(=O)C=O,3.2610221807389226,1.6305110903694613,5.610148115862609,9.65150193329414,129.07099999999997,-1.973,80.31,4,1,3,0,9,0.2719832895751615,0.0
52386,O=CCNCC(=O)C=O,3.776426367734366,1.888213183867183,4.8894928896884835,6.33062540887223,129.11499999999998,-1.4570999999999994,63.24,4,1,5,0,9,0.2798266930566538,0.4
52387,O=CCOCC(=O)C=O,4.152980697661147,2.0764903488305735,5.03999747640648,6.1164682456841675,130.099,-1.0301000000000002,60.440000000000005,4,0,5,0,9,0.2710141084425575,0.4
52510,CC#CC(=O)C(=O)C=O,4.161663703021249,2.0808318515106246,4.447057209341158,4.752022084051656,124.09499999999997,-0.6532,51.21,3,0,2,0,9,0.1614204422487702,0.16666666666666666
53779,CC(=O)C(=O)C(=O)C#C,3.804242552548764,1.902121276274382,4.677397840692725,5.75096100154264,124.09499999999997,-0.6532,51.21,3,0,2,0,9,0.21249652969954863,0.16666666666666666
53780,CC(=O)C(=O)C(=O)C#N,3.624300780238716,1.812150390119358,5.380291818642114,7.98706890211265,125.08299999999998,-0.76282,75.0,4,0,2,0,9,0.27585040820967677,0.2
53785,CC(=O)C(=O)C(=O)C=O,3.327221461274764,1.663610730637382,4.9318592019837215,7.310374578695014,128.08299999999997,-1.0875000000000001,68.28,4,0,3,0,9,0.2749794115815579,0.2
53787,NC(=O)C(=O)C(=O)C=O,3.217376961767772,1.608688480883886,4.8726641412070375,7.379569169277423,129.07099999999997,-2.1912000000000003,94.30000000000001,4,1,3,0,9,0.2657455336315717,0.0
53892,[O-]C(=O)C(=O)CNC=[NH2+],3.6240583902711063,1.8120291951355532,3.3559103612756616,3.1076028971141523,130.10299999999998,-4.3176,94.82,3,2,4,0,9,0.22839932585132566,0.25
54449,[O-]C(=O)C12CN1C(=[NH2+])C2,3.2870351093047843,1.6435175546523921,3.6613177653988624,4.078218617525069,126.11500000000001,-3.6479999999999997,68.72999999999999,2,1,1,0,9,0.36826173281329144,0.6
54487,[O-]C(=O)C12CN1C=[NH+]C2,2.704525747289004,1.352262873644502,3.931694134527639,5.715685562607138,126.115,-4.086799999999999,57.10999999999999,3,1,1,0,9,0.3633621579474084,0.6
54618,NC(=[NH2+])C1=CC(=O)[CH-]N1,2.2785473401196414,1.1392736700598207,2.3599629029008113,2.444287553303846,125.13099999999997,-2.4417999999999997,84.47,1,3,1,1,9,0.22112584737549681,0.0
54619,NC(=[NH2+])C1=CC(=O)N[CH-]1,2.349283734599038,1.174641867299519,2.1492936265129443,1.966328300381983,125.13099999999997,-2.4417999999999997,84.47,1,3,1,1,9,0.22112584737549681,0.0
54624,[O-]C(=O)C1=CC(=[NH2+])NC1,2.707186215501843,1.3535931077509216,3.3553284040861153,4.158645842240331,126.115,-3.5764999999999993,77.75,2,2,1,0,9,0.3811685706184476,0.2
54657,[O-]C(=O)C1=CNC(=[NH2+])C1,2.342198949266167,1.1710994746330834,3.145186070630062,4.223465057050209,126.115,-3.2288999999999994,77.75,2,2,1,0,9,0.38753953668014923,0.2
55400,[O-]C(=O)C1CNC=[NH+]C1,2.790754534820914,1.395377267410457,3.1003623725752076,3.444318273551421,128.131,-3.9353999999999987,66.13,3,2,1,0,9,0.3787432831658939,0.6
55499,CC(=[NH2+])NC(=N)C([O-])=O,5.3785180261320855,2.6892590130660428,3.993639099977178,2.965343461409986,129.119,-3.519329999999999,101.6,3,3,0,0,9,0.23321192435986435,0.25
55611,CC(=[NH2+])N[C-](C#N)C#N,4.0190313486137175,2.0095156743068587,2.9695457314699647,2.1941112388519053,122.131,-1.667349999999999,85.19999999999999,2,2,1,0,9,0.24760362454983978,0.2
55619,NC(=[NH2+])C[C-](C#N)C#N,4.349573415726903,2.1747867078634515,2.9917364316110904,2.057784987343006,122.131,-1.8855499999999996,99.19,2,2,2,0,9,0.2543411161226124,0.2
57181,NC(=[NH2+])[C-](O)C(=O)C=O,2.940791736484306,1.470395868242153,3.3443834080388966,3.8033636456477966,130.10299999999998,-3.2248099999999997,105.97999999999999,3,3,3,0,9,0.1226972293545258,0.0
57736,CC(N)=[NH+][C-](C#N)C#N,4.019085076804419,2.0095425384022096,2.969510735356888,2.1940301931630186,122.131,-1.9767499999999991,87.57,2,2,1,0,9,0.23990264569434647,0.2
57835,CN(C)C(=N)C(=O)C#N,4.114316283468923,2.0571581417344613,4.701582370449181,5.3726731887226595,125.13099999999999,-0.38205000000000017,67.95,3,1,1,0,9,0.2947961581809694,0.4
57838,CC(C)C(=O)C(=O)C=O,4.114069075230097,2.0570345376150483,4.442879106848229,4.797968725638017,128.12699999999998,-0.020499999999999963,51.21,3,0,3,0,9,0.3046721754154456,0.5
57839,CC(O)C(=O)C(=O)C=O,3.8325307987915638,1.9162653993957819,4.677331796634498,5.70835144826658,130.099,-1.2957000000000003,71.44,4,1,3,0,9,0.29271896625982546,0.4
57840,CN(C)C(=N)C(=O)C=O,4.92869872741037,2.464349363705185,3.938575637551009,3.147357732871782,128.13099999999997,-0.7067300000000003,61.230000000000004,3,1,2,0,9,0.23119496142508525,0.4
58180,CC(N(C)C)C(=O)C=O,3.4461108055711036,1.7230554027855518,4.221565452903155,5.1715153338466,129.159,-0.2955000000000001,37.38,3,0,3,0,9,0.387738286510056,0.6666666666666666
60523,OC(C1CN1)C(=O)C=O,3.978485257280336,1.989242628640168,4.683294493574203,5.512964330684955,129.11499999999998,-1.912899999999999,76.31,4,2,3,0,9,0.2645860718948235,0.6
60718,CN(C=[NH2+])C(=N)C([O-])=O,5.7091291143346075,2.8545645571673037,3.8397662911744095,2.5824963625047834,129.119,-3.5672299999999986,92.81,3,2,1,0,9,0.28313733530430085,0.25
60780,CN(C=[NH2+])[C-](C#N)C#N,3.6118655209171866,1.8059327604585933,3.048693869604577,2.5733334357931197,122.131,-1.7152499999999984,76.41,2,1,2,0,9,0.26881932681957954,0.2
61386,CN(CC(=O)C=O)C=O,3.9422507677080785,1.9711253838540392,4.747898807524075,5.71819105754,129.11499999999998,-1.1574000000000002,54.45,3,0,4,0,9,0.3552248823900886,0.4
61435,NC(=[NH2+])CC(O)C([O-])=O,4.1994536585598174,2.0997268292799087,3.334112693890598,2.647084206514308,132.11899999999997,-4.396399999999999,111.97,3,3,3,0,9,0.2656307970307058,0.5
61440,NC(CC([O-])=O)C(N)=[NH2+],6.224629923443107,3.1123149617215535,2.9498995387690288,1.3979798631974467,131.135,-4.430000000000001,117.76,3,3,3,0,9,0.26434244557250813,0.5
61757,OC(CC=O)C(=O)C=O,4.177229398276708,2.088614699138354,4.867804340927949,5.672544369081676,130.099,-1.2957000000000003,71.44,4,1,4,0,9,0.37913496485210163,0.4
63198,CC1(C)C=CC(=O)C1=O,3.724776422789081,1.8623882113945405,4.449346860226318,5.31486597732011,124.13899999999998,0.7206,34.14,2,0,0,0,9,0.44575414176343203,0.42857142857142855
63199,CC1(O)C=CC(=O)C1=O,3.7484699316076733,1.8742349658038366,4.519616940794857,5.449406735072568,126.11099999999999,-0.5546000000000002,54.37,3,1,0,0,9,0.4427081932431981,0.3333333333333333
64068,CC1(C)OCC(=O)C1=O,3.6345843149901214,1.8172921574950607,4.692180241261243,6.0575167635207965,128.127,-0.06659999999999999,43.370000000000005,3,0,0,0,9,0.4288680755668894,0.6666666666666666
66492,CC12C3C1C1=CC2C3C1,2.8407906447531266,1.4203953223765633,3.4935100478644663,4.296202705775457,118.17899999999999,1.8284,0.0,0,0,0,0,9,0.4255627929139402,0.7777777777777778
66493,CC12C3C1C1=CC2N3C1,2.5618194823026452,1.2809097411513226,3.8259766156907347,5.713945562883743,119.167,0.6289,3.24,1,0,0,0,9,0.4226325479832766,0.75
66497,OC12C3C1C1=CC2C3C1,2.7984488439207174,1.3992244219603587,3.6010663041173263,4.633880856825341,120.15099999999998,0.5531999999999999,20.23,1,1,0,0,9,0.46281879698062733,0.75
66498,OC12C3C1C1=CC2N3C1,2.494841337285201,1.2474206686426006,3.9405465698314854,6.224005926528222,121.139,-0.6463000000000001,23.47,2,1,0,0,9,0.4305542948206209,0.7142857142857143
66499,OC12C3C1C1=NC2C3O1,2.4648749424738394,1.2324374712369197,4.417520491526775,7.917029361933269,123.11099999999999,-0.8434000000000001,41.82000000000001,3,1,0,0,9,0.45587169479929845,0.8333333333333334
66500,CC12C3C1C1=CC3C2C1,2.869390082451919,1.4346950412259596,3.485136355241416,4.233016447957612,118.17899999999999,1.8284,0.0,0,0,0,0,9,0.4255627929139402,0.7777777777777778
66501,CC12C3C1C1=CC3N2C1,2.6031813762568214,1.3015906881284107,3.810635879280581,5.57815369182631,119.167,0.6289,3.24,1,0,0,0,9,0.4226325479832766,0.75
66504,CC12C3N1C1C=C3CC21,2.8325793854733443,1.4162896927366722,3.8533815109400997,5.242059285259434,119.16699999999997,0.7714,3.01,1,0,0,0,9,0.33604083245864536,0.75
66505,OC12C3C1C1=CC3C2C1,2.8455275637664803,1.4227637818832402,3.5476838619456514,4.4231027471229565,120.15099999999998,0.5531999999999999,20.23,1,1,0,0,9,0.46281879698062733,0.75
66506,OC12C3C1C1=NC3C2O1,3.9477346064100356,1.9738673032050178,3.614039703636691,3.3085514305481554,123.11099999999999,-0.8434000000000001,41.82000000000001,3,1,0,0,9,0.45587169479929845,0.8333333333333334
66596,CC12C3C1C1C=C2CC31,2.901038596709105,1.4505192983545525,3.5345081516932364,4.3063018494678165,118.17899999999999,1.8284,0.0,0,0,0,0,9,0.4255627929139402,0.7777777777777778
66598,CC12C3C1N1CC2=CC31,2.5974986348841655,1.2987493174420828,3.8492484080985725,5.7042237128683375,119.16699999999999,0.6289,3.24,1,0,0,0,9,0.4226325479832765,0.75
66599,CC12C3C4C=C1CC4N23,3.959640784560925,1.9798203922804625,3.2614466273267935,2.6863634055837293,119.167,0.7714,3.01,1,0,0,0,9,0.3360408324586454,0.75
66600,CC12C3C4CC1=CC4N23,2.863817111950818,1.431908555975409,3.8959070699067935,5.299951534618248,119.167,0.7714,3.01,1,0,0,0,9,0.3360408324586454,0.75
66601,OC12C3C1C1C=C2CC31,3.9345235059507746,1.9672617529753873,3.2201144900435485,2.6354239117660905,120.15099999999998,0.5531999999999999,20.23,1,1,0,0,9,0.46281879698062733,0.75
66602,OC12C3C1C1N=C2NC31,3.646279368657865,1.8231396843289325,3.3973389832182663,3.1653943650354224,122.127,-1.2704000000000002,44.620000000000005,3,2,0,0,9,0.4205037172436256,0.8333333333333334
70164,CC12CN1CC(=O)C2=O,3.6707472459329176,1.8353736229664588,4.464947316840646,5.43097990858693,125.12699999999998,-0.7875000000000001,37.15,3,0,0,0,9,0.31436775401885503,0.6666666666666666
71536,NC12CC3C1NC23C#N,6.462965263892156,3.231482631946078,3.0253480926941276,1.4161813824225937,121.143,-1.0484200000000001,61.839999999999996,3,2,0,0,9,0.42967595801744746,0.8333333333333334
72317,NC12CN=C3OC1C23O,4.052954609747,2.0264773048735,3.652451913762054,3.2915258784940717,126.11499999999997,-1.7605000000000002,67.84,4,2,0,0,9,0.4037380515206456,0.8
72319,OC12CN=C3NC1C23O,4.065884644206987,2.0329423221034935,3.3772164907221383,2.8051930202830704,126.11499999999997,-2.1538999999999997,64.85000000000001,4,3,0,0,9,0.346377838436249,0.8
73783,NC1=C(N)C(=O)NC1=O,3.60328112446427,1.801640562232135,3.4909267208983388,3.382075655419172,127.10299999999998,-2.2282000000000006,98.21000000000001,4,3,0,0,9,0.32061339561517993,0.0
74200,CC1=CC(=[NH2+])O[CH-]C1=O,3.130192825356344,1.565096412678172,3.039438640893083,2.951315707108973,125.127,-1.673079999999999,55.800000000000004,2,1,0,1,9,0.42123416776171174,0.16666666666666666
74202,CC1=CC(=O)[CH-]OC1=[NH2+],2.9999110298234797,1.4999555149117398,3.034067311858996,3.068612489295373,125.127,-1.6730799999999988,55.8,2,1,0,1,9,0.42123416776171174,0.16666666666666666
74242,NC1=[NH+][C-](C#N)C(=O)C1,3.513836770904569,1.7569183854522845,2.9852411632594413,2.5361635681569945,123.115,-2.5474300000000003,80.85,3,2,0,0,9,0.34790516388040515,0.2
75170,NC1=[NH+]C[C-](C=O)C1=O,3.62246301639379,1.811231508196895,3.376375788387391,3.1470061703369274,126.11499999999998,-3.219709999999999,74.13,3,2,1,0,9,0.2865318990196171,0.2
75416,NC1=NCCC(=O)C1=O,4.047345318718766,2.023672659359383,4.406388578901677,4.7972828556229,126.11499999999998,-1.1145,72.52,4,1,0,0,9,0.4179170513390074,0.4
80156,CC1C2N1CC(=O)C2=O,3.6312535921796583,1.8156267960898291,4.459985885728548,5.477853197511885,125.12699999999998,-0.7891000000000001,37.15,3,0,0,0,9,0.3143171851045699,0.6666666666666666
81904,CC1N2CC2C(=O)C1=O,3.658425983697897,1.8292129918489486,4.444979732121145,5.400640851286747,125.12699999999998,-0.7891000000000001,37.15,3,0,0,0,9,0.3143171851045699,0.6666666666666666
84062,CC1C=C(C)C(=O)C1=O,3.7580680270424933,1.8790340135212467,4.404874038322708,5.163002679533457,124.13899999999998,0.7206,34.14,2,0,0,0,9,0.44575414176343203,0.42857142857142855
84063,CC1N=C(N)C(=O)C1=O,3.1516024459231016,1.5758012229615508,4.641483404229794,6.8356871024798815,126.115,-1.1160999999999999,72.52,4,1,0,0,9,0.4178470456018075,0.4
84064,CN1C=C(C)C(=O)C1=N,3.6880241857950247,1.8440120928975123,3.9899128514824174,4.316513059686679,124.14299999999999,0.3819700000000001,44.160000000000004,2,1,0,0,9,0.507073062194165,0.3333333333333333
84959,CC1N(C)CC(=O)C1=O,3.680993274232479,1.8404966371162395,4.544074359460825,5.609521736660802,127.14299999999999,-0.5415000000000001,37.38,3,0,0,0,9,0.4099499548394338,0.6666666666666666
84968,OC1CC(=O)C(=O)C1O,3.8453491512895277,1.9226745756447639,4.6245381279405375,5.561615358023839,130.099,-1.7499000000000002,74.6,4,2,0,0,9,0.38118552296634345,0.6
85355,C[C-]1OC(=[NH2+])C=CC1=O,2.9257970326952254,1.4628985163476127,3.0597248246486908,3.199783135314525,125.12699999999998,-1.6730799999999992,55.800000000000004,2,1,0,1,9,0.42123416776171174,0.16666666666666666
86130,CC1OC(C)C(=O)C1=O,3.6110363529132012,1.8055181764566006,4.683216768018645,6.073746468533045,128.12699999999998,-0.06820000000000004,43.370000000000005,3,0,0,0,9,0.42881312727683846,0.6666666666666666
86531,CN1CC(C1)C(=O)C=O,3.2726157108373393,1.6363078554186696,4.308977210188343,5.67353036179486,127.14299999999999,-0.6840000000000002,37.38,3,0,2,0,9,0.36395495267637756,0.6666666666666666
88935,CC1CN1CC(=O)C=O,3.6126769525070945,1.8063384762535473,4.511678983679755,5.6343945277619225,127.14299999999997,-0.5415000000000001,37.15,3,0,3,0,9,0.2900415456251714,0.6666666666666666
88938,CN1CC1CC(=O)C=O,3.5220740184847066,1.7610370092423533,4.441784026652985,5.601655512032014,127.14299999999999,-0.5415000000000001,37.15,3,0,3,0,9,0.2900415456251714,0.6666666666666666
94532,CN1CCC1C(=O)C=O,2.903654992032079,1.4518274960160396,4.26974090052485,6.278530819825907,127.14299999999997,-0.5415000000000001,37.38,3,0,2,0,9,0.36901207949478404,0.6666666666666666
94534,OC1CNC1C(=O)C=O,4.212414698073578,2.106207349036789,4.208481985147988,4.204552943805578,129.11499999999998,-1.912899999999999,66.4,4,2,2,0,9,0.3369514542800063,0.6
94535,OC1COC1C(=O)C=O,4.307378425664449,2.1536892128322247,4.266759577145516,4.2265237669139015,130.099,-1.4859000000000002,63.6,4,1,2,0,9,0.3652614762319573,0.6
96613,C[NH+]=C(N)C#CC([O-])=O,3.3989184495232987,1.6994592247616493,3.6571077236864316,3.934909619418121,126.11499999999998,-4.192699999999999,80.12,2,2,0,0,9,0.19609860370859192,0.2
97325,NC=[NH+]CC(=O)C([O-])=O,1.9993899315307262,0.9996949657653631,3.4661241473223092,6.0088412046033035,130.10299999999998,-4.627,97.19,3,2,3,0,9,0.227932844621336,0.25
97358,NC=[NH+]C[C-](C#N)C#N,2.681432528373044,1.340716264186522,3.1546975819754834,3.7114925430401926,122.131,-2.324349999999999,87.57,2,2,2,0,9,0.2445690233223064,0.2
97432,CN=COCC(=O)C=O,4.702443288736335,2.3512216443681675,3.4755689209706775,2.568787879558536,129.11499999999998,-0.5709,55.73,4,0,4,0,9,0.22087440875278008,0.4
97476,[NH3+]CC#CC#CC([O-])=O,2.3082563321768603,1.1541281660884302,3.2251882689896725,4.506362324421256,123.11099999999998,-3.0149999999999997,67.77000000000001,2,1,0,0,9,0.3483562287374222,0.16666666666666666
98011,CNC(=[NH2+])C#CC([O-])=O,3.398278889218423,1.6991394446092114,3.656931681874922,3.9352712834514483,126.11499999999998,-3.8832999999999993,77.75,2,2,0,0,9,0.19782402119911197,0.2
98058,CNC(=N)C(=O)C(C)=O,4.5655717177487904,2.2827858588743952,4.116301811391742,3.711241800582583,128.131,-0.6588300000000005,70.02000000000001,3,2,2,0,9,0.2944744688491758,0.4
98059,CNC(=N)C(=O)C(N)=N,3.589697379843864,1.794848689921932,4.081172262550452,4.6399362604029974,128.13500000000002,-1.3118599999999994,102.82,3,4,2,0,9,0.27393393144226896,0.25
98060,CNC(=N)C(=O)C(N)=O,4.2673528883590786,2.1336764441795393,4.421463728458271,4.581140115081836,129.119,-1.76253,96.03999999999999,3,3,2,0,9,0.23385140512535815,0.25
98956,CNC(=N)NC(=O)C=O,3.841102627862687,1.9205513139313435,4.4238479133389745,5.095003246826345,129.11899999999997,-1.5443300000000006,82.05000000000001,3,3,1,0,9,0.1734685423890535,0.25
100076,CC(C)(C[NH3+])CC([O-])=O,7.2814200578032935,3.6407100289016467,2.5745864866590074,0.9103300626343619,131.17499999999998,-1.6054999999999988,67.77000000000001,2,1,3,0,9,0.5006431879048691,0.8333333333333334
100443,CC(C[NH3+])C#CC([O-])=O,6.007352251523419,3.0036761257617095,3.8390001542120546,2.45331413357736,127.14299999999997,-2.382299999999999,67.77000000000001,2,1,1,0,9,0.3994813989995671,0.5
100457,[NH3+]CC(O)C#CC([O-])=O,5.609258611781524,2.804629305890762,3.968986930538507,2.808367084680074,129.115,-3.6574999999999984,88.0,3,2,1,0,9,0.35758935801565506,0.4
100710,CC(C[NH3+])C(O)C([O-])=O,7.096633336230531,3.5483166681152656,2.744066812189241,1.0610527996868482,133.14699999999996,-3.0247999999999986,88.0,3,2,3,0,9,0.42910338764875156,0.8
101556,CCN(C)CC(=O)C=O,3.013376063670483,1.5066880318352416,4.057542518948362,5.463523617765799,129.159,-0.29390000000000027,37.38,3,0,4,0,9,0.38628870447630553,0.6666666666666666
102015,C[NH2+][C-](C=O)C(=O)C=O,4.104836336186372,2.052418168093186,3.9862599986412963,3.8711089737455104,129.11499999999998,-2.32151,67.82,3,1,4,0,9,0.20036146217270112,0.2
103798,CC1(C[NH3+])CC1C([O-])=O,7.157737325983452,3.578868662991726,3.187709890463202,1.4196517534765447,129.159,-1.995599999999999,67.77000000000001,2,1,2,0,9,0.4684715211145848,0.8333333333333334
103799,CC1(C[NH3+])NC1C([O-])=O,6.876322270984069,3.4381611354920345,3.156888597960207,1.4493133432655327,130.147,-3.291299999999998,89.71000000000001,3,2,2,0,9,0.38374005321393856,0.8
109099,CCC1=CCC(=O)C1=O,3.7766834305515284,1.8883417152757642,4.45143496975257,5.246739276487978,124.13899999999998,0.8647,34.14,2,0,1,0,9,0.48576817971668895,0.42857142857142855
109102,CNC1=NCC(=O)C1=O,3.1893114877898987,1.5946557438949494,4.643317091315126,6.760203163924856,126.11499999999998,-1.2439000000000002,58.53,4,1,0,0,9,0.41270013368332764,0.4
109422,CNC1C(=O)C=CC1=O,3.46589060216549,1.732945301082745,4.400177041086545,5.586315384798365,125.12699999999997,-0.7176000000000002,46.17,3,1,1,0,9,0.47040357514784975,0.3333333333333333
111938,CCC1C=CC(=O)C1=O,3.7313993022060785,1.8656996511030393,4.46405614231963,5.3405694828746695,124.13899999999998,0.7206,34.14,2,0,1,0,9,0.4825179490086772,0.42857142857142855
111941,CNC1C=CC(=O)C1=O,3.3410252233814273,1.6705126116907136,4.232775651259755,5.36254248801043,125.12699999999998,-0.7176000000000002,46.17,3,1,1,0,9,0.47040357514784986,0.3333333333333333
111942,COC1C=CC(=O)C1=O,3.6187752250323117,1.8093876125161559,4.467568726297975,5.515449035389451,126.11099999999999,-0.29059999999999997,43.370000000000005,3,0,1,0,9,0.453248193370378,0.3333333333333333
112955,[NH3+]CC1CC(C1)C([O-])=O,1.8454088367276422,0.9227044183638211,2.4923121287497825,3.365985695683555,129.159,-1.995599999999999,67.77000000000001,2,1,2,0,9,0.4684715211145848,0.8333333333333334
113157,CC1(CC1C[NH3+])C([O-])=O,7.150934733918349,3.5754673669591743,3.0465022634303573,1.2978969024935678,129.15900000000002,-1.9955999999999987,67.77000000000001,2,1,2,0,9,0.4684715211145848,0.8333333333333334
113184,[NH3+]CC1CC1(O)C([O-])=O,7.133951276272108,3.566975638136054,2.884745827410432,1.1665006062545589,131.131,-3.270799999999999,88.0,3,2,2,0,9,0.41181824771113335,0.8
113647,CCN1CC1C(=O)C=O,3.586946023087935,1.7934730115439674,4.598726598337275,5.895903141594687,127.14299999999997,-0.5415000000000001,37.15,3,0,3,0,9,0.2900415456251714,0.6666666666666666
115123,CCC1NCC(=O)C1=O,3.787502955146692,1.893751477573346,4.584680787911469,5.549645287664322,127.14299999999999,-0.49360000000000026,46.17,3,1,1,0,9,0.4831712016242028,0.6666666666666666
115124,CCC1OCC(=O)C1=O,3.650903624933467,1.8254518124667336,4.745698379901389,6.168788723753041,128.12699999999998,-0.06659999999999999,43.370000000000005,3,0,1,0,9,0.4642391956229046,0.6666666666666666
115131,COC1CCC(=O)C1=O,3.5351873649362604,1.7675936824681302,4.43700479574024,5.568873591450179,128.127,-0.06659999999999999,43.370000000000005,3,0,1,0,9,0.4642391956229047,0.6666666666666666
115136,COC1OCC(=O)C1=O,3.390116731800056,1.695058365900028,4.902415005540981,7.089334907294528,130.099,-0.8727000000000003,52.6,4,0,1,0,9,0.4326809024953508,0.6
115143,OCC1OCC(=O)C1=O,3.661962675140121,1.8309813375700605,4.489404440420887,5.503811485162005,130.099,-1.4843,63.6,4,1,1,0,9,0.43932419604909984,0.6
116525,CCN=C(N)C(=O)C=O,4.3586505214533355,2.1793252607266678,4.140195775116894,3.932689939678912,128.131,-0.8685,72.52,3,1,3,0,9,0.23226845071374985,0.4
116639,CNC=[NH+][C-](C#N)C#N,3.5840798157913536,1.7920399078956768,2.999808137327933,2.5107836106579464,122.131,-2.1061499999999986,73.58,2,2,2,0,9,0.2500083255556549,0.2
116799,CNC=[NH+]CCC([O-])=O,6.4333916251286185,3.2166958125643093,3.029502920446848,1.4266017801788171,130.147,-3.5452999999999975,66.13,2,2,4,0,9,0.3057625453702958,0.6
116993,CNCC(=O)C#CC#N,3.984927628284844,1.992463814142422,4.846512076923809,5.894380401050876,122.12699999999998,-0.6981200000000001,52.89,3,1,2,0,9,0.3890305104773414,0.3333333333333333
117020,CCNC(=N)C(=O)C#N,4.139834020834364,2.069917010417182,4.924736943243833,5.858455638098873,125.13099999999999,-0.3341500000000001,76.74000000000001,3,2,2,0,9,0.30104225952684976,0.4
117026,CNCC(=O)C(=O)C#N,4.905374319951677,2.4526871599758384,4.329325746911209,3.8209237869237542,126.11499999999998,-1.1324200000000002,69.96000000000001,4,1,3,0,9,0.3833393706252866,0.4
117031,CCCC(=O)C(=O)C=O,4.099887754921683,2.0499438774608416,4.48557346963381,4.907541511918059,128.12699999999998,0.12359999999999993,51.21,3,0,4,0,9,0.3068157496880391,0.5
117032,CCNC(=N)C(=O)C=O,4.456781105801776,2.228390552900888,4.237512990687841,4.029032595491994,128.13099999999997,-0.6588300000000002,70.02000000000001,3,2,3,0,9,0.22928754874478607,0.4
117033,CCNC(=O)C(=O)C=O,4.307691457929659,2.1538457289648294,4.525721279303134,4.754786478551839,129.11499999999998,-1.1095000000000002,63.24,3,1,3,0,9,0.29835777191789065,0.4
117036,COCC(=O)C(=O)C=O,4.365168310293933,2.1825841551469667,4.480391874116712,4.5986568944690625,130.099,-1.0301,60.440000000000005,4,0,4,0,9,0.27713117931350223,0.4
117037,OCCC(=O)C(=O)C=O,4.153310830216785,2.0766554151083927,4.257029988806396,4.363339289164418,130.099,-1.2941000000000003,71.44,4,1,4,0,9,0.29163278042896684,0.4
117630,CC(C)(CC[NH3+])C([O-])=O,7.494727236006648,3.747363618003324,2.52579468003038,0.8512169375584878,131.175,-1.6054999999999984,67.77000000000001,2,1,3,0,9,0.5006431879048691,0.8333333333333334
119758,C[NH2+]CC1=CC(=O)[CH-]N1,2.173784954681944,1.086892477340972,2.571483938053338,3.0419428699348097,126.15899999999998,-1.2129999999999992,49.47,1,2,2,1,9,0.47972808536792605,0.3333333333333333
121600,C[NH2+]CCC(=O)C([O-])=O,5.420345015921514,2.710172507960757,3.6535914363811814,2.4627086181392244,131.131,-3.111299999999999,73.81,3,1,4,0,9,0.4102869721609095,0.6
122806,OCCNCC(=O)C=O,3.3575378367149953,1.6787689183574976,4.356353980784397,5.652302648200059,131.131,-1.6636999999999993,66.4,4,2,5,0,9,0.26597909430800115,0.6
123519,C1=NC=C2N=CN=NN12,3.8265847154462462,1.9132923577231231,4.748108144300442,5.891554121086041,121.10300000000001,-0.4807000000000001,55.97,5,0,0,2,9,0.47198815924435233,0.0
125054,CC1=C(N)ON=NC1=N,4.106230915320932,2.053115457660466,3.7036289152687196,3.340500674434789,126.119,-0.5603100000000001,88.78999999999999,5,2,0,1,9,0.48724566502462363,0.25
125100,CC1=C([N-]N=N1)[NH+]=CN,3.6341334546147817,1.8170667273073908,3.315532090845405,3.0248622354433974,125.135,-2.558679999999999,79.87,2,2,1,1,9,0.3194524075039733,0.25
125276,CC1=CC2=C(N1)ON=N2,5.348415801777848,2.674207900888924,3.1850948368132577,1.8967914043112104,123.11500000000001,0.8593199999999999,54.71,3,1,0,2,9,0.5647903407275511,0.2
125284,CC1=CC2=C(ON=N2)O1,5.452608793211737,2.7263043966058684,3.609625834895153,2.389571517429156,124.099,1.1242199999999998,52.06,4,0,0,2,9,0.5277052338188282,0.2
125361,CC1=CNC2=C1N=NO2,5.432424032262182,2.716212016131091,3.2754767878397515,1.974946750099205,123.11500000000001,0.8593199999999999,54.71,3,1,0,2,9,0.5647903407275511,0.2
125389,CC1=COC2=C1N=NO2,5.5569933279441255,2.7784966639720627,3.731474923125287,2.505654457401369,124.099,1.1242199999999998,52.06,4,0,0,2,9,0.5277052338188282,0.2
125619,CC1=NNC(C[NH3+])=C1[O-],6.143604105713021,3.0718020528565106,2.166811910000407,0.7642214199566666,127.14699999999999,-1.4663799999999991,79.38,2,2,1,1,9,0.48287263835839,0.4
125630,CC1=N[N-]C(=N1)[NH+]=CN,3.4091393682704014,1.7045696841352007,3.204098261560357,3.0113892571492604,125.135,-2.55868,79.87,2,2,1,1,9,0.3194524075039732,0.25
126081,CC1OC2=C(O1)N=NO2,5.150011170789794,2.575005585394897,3.3427828753921762,2.1697423522872743,128.087,0.18679999999999997,57.38,5,0,0,1,9,0.49865217134950274,0.5
126880,CCN=C1NN=CC=N1,3.7729317806467746,1.8864658903233873,3.9572854070276153,4.150646951265359,124.14699999999999,-0.2747000000000004,53.93,3,1,1,1,9,0.5596919805548974,0.4
127194,CN1C(=N)NN=C1C=O,3.795697426173799,1.8978487130868995,3.827190139667352,3.8589441466445082,126.11899999999999,-0.9598300000000002,74.53,4,2,1,1,9,0.4753938845534255,0.25
127324,CN1C=CC2=C1ON=N2,5.452248138389839,2.7261240691949196,3.311637165348479,2.0114529706925763,123.11500000000001,0.5612999999999999,43.85,4,0,0,2,9,0.5137502521209956,0.2
127485,CN1N=C(N)C=NC1=N,3.38979797163676,1.69489898581838,3.4031659413458994,3.416586628832216,125.135,-1.12323,80.58000000000001,5,2,0,1,9,0.46037717468191536,0.25
127492,CN1N=C(N)N=CC1=N,3.3597147637615987,1.6798573818807994,3.3488910291845295,3.3381021646004307,125.135,-1.12323,80.58000000000001,5,2,0,1,9,0.46037717468191536,0.25
127526,CN1N=C(O)N=CC1=N,3.5943066105335113,1.7971533052667557,3.738644542636492,3.888778707754962,126.11899999999999,-0.9998300000000002,74.78999999999999,5,2,0,1,9,0.4678586231523357,0.25
127543,CN1N=C2ON=NC2=N1,5.519115494542507,2.7595577472712534,4.819410076077075,4.20841229076663,125.09100000000001,-0.6487,69.63,6,0,0,2,9,0.4676041860196886,0.3333333333333333
127606,CN1N=CC([O-])=C1C[NH3+],6.059144838085917,3.0295724190429585,2.2205549068654955,0.8137887814482562,127.147,-1.7643999999999993,68.52,3,1,1,1,9,0.4850324556816247,0.4
127634,CN1N=CC2=C1ON=N2,5.829467742000386,2.914733871000193,4.042592039779517,2.803437830583271,124.10300000000001,-0.04370000000000007,56.74,5,0,0,2,9,0.4939382373291386,0.25
127844,CN=C1C=CN=NC=C1,3.424117154620935,1.7120585773104675,4.364706281179098,5.563670885283498,121.14299999999999,0.007099999999999773,38.14,3,0,0,1,9,0.48450764908941524,0.16666666666666666
127879,CN=C1N=CN=NC=N1,2.7602016541194216,1.3801008270597108,4.8742793999427345,8.607559390904624,123.119,-1.2029000000000005,63.92,5,0,0,1,9,0.43423696728228717,0.25
127913,CN=C1NC(C=O)=NO1,3.8280956009794327,1.9140478004897163,4.4210731982278935,5.10590389098123,127.10299999999998,-0.6543000000000003,71.25,4,1,1,1,9,0.509107819754875,0.25
127923,CN=C1NN=C(C)C=N1,3.6870566783434384,1.8435283391717192,3.779228917721831,3.8737053586499117,124.14699999999999,-0.3563800000000006,53.93,3,1,0,1,9,0.5133206888314958,0.4
127926,CN=C1NN=C(N)C=N1,3.2116861988733962,1.6058430994366981,3.384592663720535,3.5668078355006307,125.135,-1.0826,79.95,4,2,0,1,9,0.4623791612551088,0.25
127927,CN=C1NN=C(N)N=C1,3.169723609927341,1.5848618049636705,3.3945321242821263,3.635284889412633,125.135,-1.0826,79.95,4,2,0,1,9,0.4623791612551088,0.25
127930,CN=C1NN=C(N1)C=O,3.6979632972790144,1.8489816486395072,3.8224189751905038,3.951063233279575,126.11899999999999,-0.9192000000000005,73.9,3,2,1,1,9,0.4774204034860428,0.25
127933,CN=C1NN=C(O)N=C1,3.3951655184774427,1.6975827592387214,3.771133863688637,4.18873558312903,126.11899999999999,-0.9592000000000005,74.16,4,2,0,1,9,0.46986289302440737,0.25
128187,CNC1=CC(=N)ON=N1,4.06921783487047,2.034608917435235,3.9545726303239466,3.843157413322667,126.11900000000001,-0.40923000000000015,74.80000000000001,5,2,1,1,9,0.5360467610149747,0.25
128307,CNC1=NNC(=N)C=N1,3.5031945185136433,1.7515972592568216,3.324129686165559,3.1542177038845765,125.13499999999999,-0.6741300000000006,77.45,4,3,1,1,9,0.46530352744388775,0.25
128308,CNC1=NNC(=N)N=C1,3.480416069107248,1.740208034553624,3.438511405764358,3.397111280032781,125.13499999999999,-0.6741300000000006,77.45,4,3,1,1,9,0.46530352744388775,0.25
128312,CNC1=NNC(=O)C=N1,3.6695820978019293,1.8347910489009647,3.7491264499999093,3.830395059565066,126.11899999999999,-0.7934000000000003,70.67,4,2,1,1,9,0.5167872325621384,0.25
128392,CNC=[NH+]C1=CC=N[N-]1,3.5132138900346472,1.7566069450173236,2.838930554687174,2.294060921595907,124.14699999999999,-2.0013999999999985,52.99,1,2,2,1,9,0.35392603405577266,0.2
128394,CNC=[NH+]C1=CN=N[N-]1,3.7410337375143308,1.8705168687571654,3.270964941903287,2.859961283928247,125.135,-2.606399999999999,65.88,2,2,2,1,9,0.3356501368097466,0.25
128397,CNC=[NH+]C1=NC=N[N-]1,3.7153047862428163,1.8576523931214082,3.2290155599615646,2.806375812041511,125.135,-2.606399999999999,65.88,2,2,2,1,9,0.3356501368097466,0.25
128407,C[NH2+]CC1=C([O-])N=NO1,5.496392896114432,2.748196448057216,3.46740699523034,2.1874184574890303,129.119,-2.163599999999999,78.59,4,1,2,1,9,0.492819872801444,0.5
128673,COC1=NNC(=N)C=N1,3.894067128185407,1.9470335640927035,3.7967399764225895,3.7018453904472746,126.11899999999999,-0.7072300000000002,74.65,4,2,1,1,9,0.5217272301824923,0.25
128675,COC1=NNC(=N)N=C1,3.8283757639641762,1.9141878819820881,3.8288251350433145,3.8292745588691997,126.11899999999999,-0.7072300000000002,74.65,4,2,1,1,9,0.5217272301824923,0.25
128978,N1C=CC2=CN=CC2=N1,3.4675543251197216,1.7337771625598608,3.5059786672460795,3.544828793636911,119.127,0.9094999999999999,41.57,2,1,0,0,9,0.5596120928940227,0.0
128982,N1C=NC2=CN=CC2=N1,3.4009949154640107,1.7004974577320053,3.9834458861134676,4.66564682453499,120.11499999999998,0.3044999999999998,54.46,3,1,0,0,9,0.5437608707231925,0.0
128999,N1N=CC2=CN=CC2=N1,3.6950113976141266,1.8475056988070633,3.9992943330697748,4.328634865064717,120.115,0.3044999999999998,54.46,3,1,0,0,9,0.5437608707231925,0.0
129006,N1N=CN=C2C=NC=C12,3.0558974633915628,1.5279487316957814,4.261006296018571,5.941355975523935,120.11499999999998,0.3044999999999998,54.46,3,1,0,0,9,0.5437608707231925,0.0
129015,N1N=NC2=CN=CC2=N1,3.574808540502713,1.7874042702513564,4.507217652606913,5.68282489476053,121.10299999999998,-0.3005000000000002,67.35,4,1,0,0,9,0.5191793138081944,0.0
129018,N1N=NC=C2C=CC=C12,3.6963905396389762,1.8481952698194881,3.7463188599474107,3.796921577926245,119.12699999999997,0.9095,41.57,2,1,0,0,9,0.5596120928940226,0.0
129020,N1N=NC=C2C=NC=C12,3.4152623505251865,1.7076311752625932,4.203973401787862,5.174827157925967,120.11499999999998,0.30450000000000005,54.46,3,1,0,0,9,0.5437608707231925,0.0
129053,N=C1C=CON=NC1=O,4.389910056751702,2.194955028375851,4.766765612176873,5.175972652670944,125.087,-1.09073,79.84,5,1,0,1,9,0.4773413014387305,0.0
129156,N=C1N=NON=CC1=O,4.602946596836315,2.3014732984181574,5.038585052618928,5.515453807333773,126.07499999999999,-1.6957300000000004,92.72999999999999,6,1,0,1,9,0.44704132172323857,0.0
129170,N=C1NC2=C(N1)N=NO2,4.703592672807377,2.3517963364036887,3.068412464281981,2.001694386801888,125.09100000000001,-0.6415300000000004,94.35,4,3,0,2,9,0.43661634889384854,0.0
129175,N=C1NC2=C(O1)N=NO2,5.062331493154922,2.531165746577461,3.571136008177799,2.519197410550488,126.075,-0.3766300000000002,91.7,5,2,0,2,9,0.5029831805130869,0.0
129177,N=C1NC2=C(ON=N2)O1,4.939972274861742,2.469986137430871,3.5893152293186463,2.60794658321829,126.075,-0.3766300000000002,91.7,5,2,0,2,9,0.5029831805130869,0.0
129188,N=C1NN=C(C=N1)C#C,3.8914660159676155,1.9457330079838078,4.279598282226646,4.706442605970755,120.11499999999998,-0.7345300000000001,65.42,3,2,0,1,9,0.4429355171331954,0.0
129200,N=C1NN=CC(=N1)C#C,3.8085706856981707,1.9042853428490853,4.374856057057205,5.025340764145898,120.11499999999998,-0.7345300000000003,65.42,3,2,0,1,9,0.4429355171331954,0.0
129201,N=C1NN=CC(=N1)C#N,3.70572594544704,1.85286297272352,5.003446807116099,6.755620982279694,121.103,-0.8441500000000004,89.21000000000001,4,2,0,1,9,0.4683837456417499,0.0
129204,N=C1NN=CC(C=O)=C1,3.653680751727068,1.826840375863534,4.386862500760948,5.267171356305784,123.11499999999997,-0.29833000000000043,69.6,3,2,1,1,9,0.5032047253335237,0.0
129205,N=C1NN=CC(C=O)=N1,3.5266434165355784,1.7633217082677892,4.839246733698964,6.640396032049427,124.10299999999998,-0.9033300000000004,82.49,4,2,1,1,9,0.4755579227487542,0.0
129208,N=C1NN=CC=C1C=O,3.5958958192982253,1.7979479096491127,4.426915096275517,5.449984719929046,123.11499999999997,-0.29833000000000043,69.6,3,2,1,1,9,0.5032047253335237,0.0
129214,N=C1NN=CN=C1C#C,3.774921305969872,1.887460652984936,4.292134454546542,4.880212508475685,120.11499999999998,-0.7345300000000003,65.42,3,2,0,1,9,0.4429355171331954,0.0
129215,N=C1NN=CN=C1C#N,3.7170770822665387,1.8585385411332693,4.964203488417803,6.629756588042796,121.103,-0.8441500000000004,89.21000000000001,4,2,0,1,9,0.4683837456417499,0.0
129216,N=C1NN=CN=C1C=O,3.529633491784574,1.764816745892287,4.8692025553883855,6.717165841888447,124.10299999999998,-0.9033300000000004,82.49000000000001,4,2,1,1,9,0.4755579227487542,0.0
129243,N=C1OC2=C(O1)N=NO2,5.378292004629131,2.6891460023145655,4.102856824282551,3.1298847489264716,127.059,-0.11173000000000005,89.05,6,1,0,2,9,0.5327173732433056,0.0
129291,N=C1ON=CC(C=O)=N1,3.864092314144369,1.9320461570721845,5.564361030555635,8.012777946590584,125.08699999999997,-0.63843,79.84,5,1,1,1,9,0.5060821196617263,0.0
129305,N=C1ON=CN=C1C=O,3.56904277082084,1.78452138541042,5.403407393023103,8.180572027233447,125.08699999999997,-0.6384299999999998,79.84,5,1,1,1,9,0.5060821196617263,0.0
129336,N=C1[N-]N=C(NC=[NH2+])O1,2.5756972630843267,1.2878486315421633,2.901651962603086,3.268856256032248,127.107,-2.6894299999999998,101.60000000000001,3,3,2,1,9,0.29714918853261935,0.0
129337,N=C1[N-]C(NC=[NH2+])=NO1,2.2942133751395217,1.1471066875697609,3.169965957148209,4.3800128960835885,127.107,-2.6894299999999998,101.60000000000001,3,3,2,1,9,0.29714918853261935,0.0
129387,NC(=[NH2+])C1=N[N-]C(=N)O1,3.4574546466303215,1.7287273233151608,3.1801034044201337,2.925000816036976,127.107,-3.4243300000000003,115.58999999999999,3,3,1,1,9,0.26877133625316196,0.0
129393,NC(=[NH2+])C1=NOC(=N)[N-]1,2.379533856825724,1.189766928412862,3.1587361121703967,4.193095970334038,127.107,-3.4243300000000003,115.59,3,3,1,1,9,0.26877133625316196,0.0
129401,NC(=[NH2+])N1C=C([O-])C=N1,2.983513395378136,1.491756697689068,2.4623864225212437,2.032284119524957,126.11899999999997,-3.1214000000000004,92.49,3,2,0,1,9,0.2842740925686097,0.0
129643,NC1=C(N)C(=N)N=NO1,3.8419060175219633,1.9209530087609816,3.4344739569755025,3.0702498466506367,127.107,-1.28653,114.81,6,3,0,1,9,0.4008786011127545,0.0
129736,NC1=C(O)ON=NC1=N,3.871791684532192,1.935895842266096,3.7490530127454194,3.6302052480061944,128.091,-1.1631300000000002,109.02000000000001,6,3,0,1,9,0.4078069582334274,0.0
129860,NC1=CC2=C(N1)ON=N2,4.859668552076153,2.4298342760380764,2.681651727017946,1.4797832214186861,124.10300000000001,0.13309999999999994,80.73,4,2,0,2,9,0.5227484935461767,0.0
129868,NC1=CC2=C(ON=N2)O1,4.874290531669522,2.437145265834761,3.03267371385439,1.886861235485941,125.087,0.398,78.08,5,1,0,2,9,0.5508022927825966,0.0
129915,NC1=CNC2=C1N=NO2,4.869299388091607,2.4346496940458033,2.8598465187764814,1.679650696968829,124.10300000000001,0.13310000000000005,80.73,4,2,0,2,9,0.5227484935461767,0.0
129940,NC1=COC2=C1N=NO2,5.004429573483831,2.5022147867419156,3.319653457830589,2.2020689707528347,125.087,0.398,78.08,5,1,0,2,9,0.5508022927825966,0.0
129994,NC1=[NH+]C2=C(C1)C=N[N-]2,3.430772538010845,1.7153862690054225,2.9289709980174066,2.5005654009930645,122.131,-2.3358,66.98,2,2,0,1,9,0.4051318011250038,0.2
129996,NC1=[NH+]C2=C(C1)N=N[N-]2,3.520084996753609,1.7600424983768046,3.31749070923958,3.126556493959934,123.11900000000001,-2.9408000000000003,79.87,3,2,0,1,9,0.3865280229929402,0.25
129999,NC1=NC2=C(C1)ON=N2,4.744653580349441,2.3723267901747205,3.279424529768548,2.266682923067186,124.103,-0.38560000000000016,77.3,5,1,0,1,9,0.5107268863721626,0.25
130009,NC1=NC2=C(ON=N2)O1,5.168231236692162,2.584115618346081,3.3497039234148915,2.171055407676112,126.07499999999999,-0.20700000000000007,90.97,6,1,0,2,9,0.5248119832450603,0.0
130182,NC1=NNC2=C1N=NO2,5.226885797276223,2.6134428986381115,3.4354740200965104,2.258033215286329,125.091,-0.4719000000000004,93.62,5,2,0,2,9,0.4959023485397677,0.0
130355,NC=[NH+]C1=C([O-])C=NN1,2.8899739346670774,1.4449869673335387,2.3217132181821785,1.8651906174035482,126.11899999999999,-2.8176000000000005,91.72999999999999,2,3,1,1,9,0.2797975141667856,0.0
130356,NC=[NH+]C1=C(O)N=N[N-]1,3.523275161174732,1.761637580587366,3.1330131771114846,2.7859792718208873,127.107,-3.1615000000000006,100.1,3,3,1,1,9,0.27287775709009776,0.0
130357,NC=[NH+]C1=C([O-])ON=C1,3.271281371291612,1.635640685645806,2.969698598190534,2.6959190491806404,127.10299999999998,-2.5526999999999997,89.08,3,2,1,1,9,0.32074114314145635,0.0
130358,NC=[NH+]C1=C([O-])ON=N1,3.567336394939029,1.7836681974695145,3.1675621636143485,2.812588707528576,128.09099999999998,-3.1577,101.97,4,2,1,1,9,0.30679743432614826,0.0
130366,NC=[NH+]C1=NC(O)=N[N-]1,3.065900355173231,1.5329501775866154,3.0638869378292792,3.0618748427231472,127.107,-3.1615000000000006,100.1,3,3,1,1,9,0.27287775709009776,0.0
130370,NC=[NH+]C1=N[N-]C(=N)O1,2.1793916934816275,1.0896958467408138,2.8838619869943622,3.816046461453204,127.107,-3.18963,103.97000000000001,3,3,1,1,9,0.2728883813940361,0.0
130374,NC=[NH+]C1=NNC=C1[O-],2.4456843832246595,1.2228421916123298,2.3569602284747093,2.271454794705311,126.11899999999999,-2.8176000000000005,91.73,2,3,1,1,9,0.2797975141667856,0.0
130377,NC=[NH+]C1=NOC(=N)[N-]1,1.6420614499599147,0.8210307249799573,3.118723369265454,5.923307836159178,127.107,-3.18963,103.97,3,3,1,1,9,0.2728883813940361,0.0
130382,NC=[NH+]C1=NOC([O-])=C1,1.8476628341043235,0.9238314170521618,3.091267013256779,5.171902346502433,127.10299999999998,-2.5527000000000006,89.08000000000001,3,2,1,1,9,0.32074114314145635,0.0
130383,NC=[NH+]C1=NOC=C1[O-],2.16084049408395,1.080420247041975,2.9090784642004466,3.9164100885949273,127.10299999999998,-2.5527000000000006,89.08000000000001,3,2,1,1,9,0.32074114314145635,0.0
130386,[NH3+]CC#CC1=CN=N[N-]1,5.65959464562718,2.82979732281359,3.5900953801410918,2.2773335628318856,122.131,-1.9727999999999997,67.52000000000001,2,1,0,1,9,0.4056397505678966,0.2
130387,[NH3+]CC#CC1=NC=N[N-]1,3.204615457952433,1.6023077289762164,3.1070861543181256,3.0125250586302004,122.131,-1.9727999999999997,67.52000000000001,2,1,0,1,9,0.4056397505678966,0.2
130404,NC1=NOC(C[NH3+])=C1[O-],6.033648417506949,3.0168242087534747,2.5307113734828413,1.0614639124965277,129.119,-1.9277000000000006,102.75,4,2,1,1,9,0.460558560157285,0.25
130482,O1C=CC2=CC=CC2=N1,3.5981899858777755,1.7990949929388877,3.7192399627871593,3.844362291897865,119.12299999999998,1.7793999999999996,26.03,2,0,0,0,9,0.5279104464426179,0.0
130484,O1C=CC2=CN=CC2=N1,3.3861165821616876,1.6930582910808438,4.192379594936037,5.190620653945573,120.11099999999999,1.1743999999999999,38.92,3,0,0,0,9,0.523508414993075,0.0
130487,O1C=NC2=CC=CC2=N1,3.6458085788641794,1.8229042894320897,4.136945753117127,4.694245403735829,120.11099999999998,1.1743999999999999,38.92,3,0,0,0,9,0.523508414993075,0.0
130489,O1C=NC2=CN=CC2=N1,3.4492203581011527,1.7246101790505763,4.65845610241339,6.291628543575974,121.09899999999999,0.5693999999999999,51.81,4,0,0,0,9,0.5108709218656609,0.0
130506,O1N=CC2=CC=CC2=N1,3.844290043366322,1.922145021683161,4.349427229330022,4.92093910964948,120.11099999999998,1.1743999999999999,38.92,3,0,0,0,9,0.523508414993075,0.0
130508,O1N=CC2=CN=CC2=N1,3.692355774260291,1.8461778871301455,4.82031716734458,6.292854484871994,121.09899999999999,0.5693999999999999,51.81,4,0,0,0,9,0.5108709218656609,0.0
130511,O1N=CC=C2C=CC=C12,3.2877750067170526,1.6438875033585263,3.9572646080719207,4.763082372213651,119.12299999999998,1.7794,26.03,2,0,0,0,9,0.5279104464426179,0.0
130512,O1N=CC=C2C=CN=C12,3.717229963904511,1.8586149819522555,4.515119269083315,5.484272485696324,120.11099999999999,1.1743999999999999,38.92,3,0,0,0,9,0.523508414993075,0.0
130513,O1N=CC=C2C=NC=C12,3.0155948740338476,1.5077974370169238,4.424025908504232,6.490263465972789,120.11099999999999,1.1743999999999999,38.92,3,0,0,0,9,0.523508414993075,0.0
130516,O1N=CN=C2C=CC=C12,3.1593551383119953,1.5796775691559977,4.47638022410208,6.342427183237853,120.11099999999996,1.1743999999999999,38.92,3,0,0,0,9,0.5235084149930749,0.0
130517,O1N=CN=C2C=CN=C12,3.617577399733172,1.808788699866586,5.090395736563858,7.162840180486186,121.09899999999998,0.5693999999999999,51.81,4,0,0,0,9,0.5108709218656609,0.0
130518,O1N=CN=C2C=NC=C12,2.8674902892241767,1.4337451446120884,4.986023578534897,8.669752507664858,121.09899999999998,0.5693999999999999,51.81,4,0,0,0,9,0.5108709218656609,0.0
130519,O1N=CN=C2N=CC=C12,3.7696362509182353,1.8848181254591176,5.107630624861028,6.920532609389985,121.09899999999998,0.5693999999999999,51.81,4,0,0,0,9,0.5108709218656609,0.0
130534,O1N=NC=C2C=CC=C12,3.2638170692525703,1.6319085346262852,4.369841197801117,5.850668615558428,120.11099999999998,1.1743999999999999,38.92,3,0,0,0,9,0.523508414993075,0.0
130535,O1N=NC=C2C=CN=C12,3.647834964528045,1.8239174822640225,4.926637803567634,6.653744010779827,121.09899999999999,0.5693999999999999,51.81,4,0,0,0,9,0.5108709218656609,0.0
130536,O1N=NC=C2C=NC=C12,3.0082994302933517,1.5041497151466758,4.861139508607738,7.85516131944444,121.09899999999999,0.5693999999999999,51.81,4,0,0,0,9,0.5108709218656609,0.0
130537,O1N=NC=C2N=CC=C12,3.8627234982468672,1.9313617491234336,4.986759896844408,6.437886190938108,121.09899999999999,0.5693999999999999,51.81,4,0,0,0,9,0.5108709218656609,0.0
130538,O1N=NC=C2N=CN=C12,4.365343571955535,2.1826717859777673,5.627243435035499,7.2539235813150045,122.087,-0.035600000000000076,64.7,5,0,0,0,9,0.49029574312426183,0.0
130589,O=C1C=CC2=C1NN=C2,3.5907895222220834,1.7953947611110417,4.416413035136353,5.431870616814161,120.111,0.6192,45.75,2,1,0,1,9,0.5450731866706039,0.0
130590,O=C1C=CC2=C1NN=N2,3.620798230691652,1.810399115345826,4.817494992918942,6.40970761918589,121.09900000000002,0.01419999999999999,58.64,3,1,0,1,9,0.5257437435150236,0.0
130591,O=C1C=CC2=C1ON=C2,3.553524166883329,1.7767620834416644,4.940643441283758,6.869225160021728,121.095,0.8841,43.1,3,0,0,1,9,0.5113863878448772,0.0
130667,O=C1N=NOC=C1C#N,4.688473504906009,2.3442367524530043,5.590273379265899,6.6655290729973915,123.07099999999998,-0.69852,79.78,5,0,0,1,9,0.45535633591947317,0.0
130680,O=C1NC2=C(N1)N=NO2,5.079763137479122,2.539881568739561,3.4970988692202094,2.4075336133035456,126.075,-0.7608000000000004,87.57000000000001,4,2,0,2,9,0.4852079476647837,0.0
130686,O=C1NC2=C(ON=N2)O1,5.313689917674523,2.6568449588372616,4.004481890589916,3.017841737193522,127.059,-0.4959000000000002,84.92,5,1,0,2,9,0.5153569033028331,0.0
130885,O=CC1=NC(=O)NN=N1,3.643273110534943,1.8216365552674716,5.480184390606019,8.243252713665541,126.075,-1.6276000000000002,88.60000000000001,5,1,1,1,9,0.4562293287459893,0.0
130889,O=CC1=NC=NNC1=O,3.5113268005825375,1.7556634002912688,5.175257112902652,7.62768255583789,125.08699999999999,-1.0226,75.71000000000001,4,1,1,1,9,0.4870681770251604,0.0
130890,O=CC1=NC=NOC1=O,3.3676485098816054,1.6838242549408027,5.716977202479246,9.7052374194528,126.07099999999998,-0.7577,73.06,5,0,1,1,9,0.46228772433859755,0.0
130919,O=CC1=NON=NC1=O,4.141863981549539,2.0709319907747696,5.405194538580996,7.053859839447356,127.059,-1.3627,85.94999999999999,6,0,1,1,9,0.432691861215168,0.0
131165,[O-]C1=C(NC=[NH2+])NN=C1,4.798565463577439,2.3992827317887193,2.532202464274738,1.3362429602656143,126.119,-2.3174,89.36,2,3,2,1,9,0.3068059229156902,0.0
131225,OC1=CC2=C(N1)ON=N2,5.14887748145508,2.57443874072754,2.9952127996297446,1.74237972206139,125.087,0.2564999999999997,74.94,4,2,0,2,9,0.5290064093790459,0.0
131901,NC1=CNC(=C1)N(=O)=O,3.716787093996272,1.858393546998136,3.746765344270771,3.7769853881876796,127.103,0.5051000000000001,84.94999999999999,3,2,1,1,9,0.4252415402307625,0.0
131902,NC1=CNC(=N1)N(=O)=O,3.6134948566996594,1.8067474283498297,4.017968262988459,4.467716048481519,128.091,-0.09989999999999999,97.84,4,2,1,1,9,0.40717533880028606,0.0
132092,CC1=C(F)N=CC(=N)N1,3.772532937261358,1.886266468630679,3.5122426187141755,3.2699113348675826,127.122,0.3366899999999998,52.53,2,2,0,1,9,0.5182829619471865,0.2
132116,NC1=C(F)NC(=N)C=N1,3.5361094401016073,1.7680547200508037,3.051140281294375,2.632683511025501,128.10999999999999,-0.38953000000000015,78.55,3,3,0,1,9,0.4445764672127985,0.0
132121,NC1=C(F)OC(=N)C=N1,3.452056566031027,1.7260282830155136,3.5523599045702197,3.655577668041236,129.094,-0.12462999999999991,75.9,4,2,0,1,9,0.5121007904941124,0.0
132124,NC1=C(F)OC(=O)C=N1,3.460740432600976,1.730370216300488,3.9758902927451563,4.567722985241232,130.07799999999997,-0.24389999999999995,69.12,4,1,0,1,9,0.5255916867764329,0.0
132872,NC1=CNC(=N)C(F)=N1,3.6248319637704807,1.8124159818852403,3.0109672668054994,2.5010604553221767,128.11,-0.3895300000000003,78.55,3,3,0,1,9,0.4445764672127986,0.0
132886,OC1=CNC(=N)C(F)=N1,3.927751445107398,1.963875722553699,3.342954149525131,2.8452264869631336,129.094,-0.2661300000000001,72.75999999999999,3,3,0,1,9,0.4509320200291723,0.0
133015,CN=C1NC=C(F)C=N1,3.7517603936121766,1.8758801968060883,3.5080581377280637,3.2801859944556533,127.12199999999999,0.07929999999999976,41.04,2,1,0,1,9,0.5264199700763077,0.2
133016,CN=C1NC=C(F)N=C1,3.5839252601849454,1.7919626300924727,3.5638847118374692,3.5439562259770456,127.12199999999999,0.07929999999999987,41.04,2,1,0,1,9,0.5264199700763077,0.2
133232,CN1N=C(F)C=NC1=N,3.7899629992793393,1.8949814996396697,4.134425878647939,4.510196365844231,128.11,-0.5663300000000002,54.56,4,1,0,1,9,0.508510380805827,0.25
133234,CN1N=C(F)N=CC1=N,3.7546384749912813,1.8773192374956407,4.133994717897063,4.551679859840701,128.11,-0.5663299999999998,54.56,4,1,0,1,9,0.508510380805827,0.25
133278,CN=C1NN=C(F)C=N1,3.545982754643657,1.7729913773218284,4.127892889299094,4.805296834343561,128.10999999999999,-0.5257000000000001,53.93,3,1,0,1,9,0.5104842079737139,0.25
133305,NC1=C(F)C(=N)N=NO1,4.210888819331471,2.1054444096657354,3.9000094760263773,3.612081573673636,130.08200000000002,-0.7296300000000002,88.79,5,2,0,1,9,0.4841399634039748,0.0
133337,NC1=C(F)ON=NC1=N,3.8799850448481688,1.9399925224240844,3.912425418281753,3.9451370241598815,130.08200000000002,-0.7296300000000002,88.78999999999999,5,2,0,1,9,0.4841399634039748,0.0
133813,C1C=C2C3C4OC13C24,2.674903883875449,1.3374519419377244,3.562866128737077,4.745596702678755,106.12399999999998,0.7137,9.23,1,0,0,0,8,0.4131921016153395,0.7142857142857143
133815,C1C2C3OC4C3C1=CC24,2.7070210195947624,1.3535105097973812,3.649372548747965,4.91976970372727,120.15099999999997,0.9597,9.23,1,0,0,0,9,0.4325215466142712,0.75
133816,N1C2C3OC4C3C1=NC24,3.925621425449049,1.9628107127245245,3.3079231661395148,2.7874199998362768,122.12699999999998,-0.8639000000000003,33.62,3,1,0,0,9,0.4531353150295428,0.8333333333333334
133822,CC12C3C1C1=CC2=CC31,3.53203782064066,1.76601891032033,3.5189293570875986,3.505869543018333,116.16299999999998,1.7485,0.0,0,0,0,0,9,0.4520073206054706,0.5555555555555556
133826,CC12C3N1C1=NC2C3=C1,2.1304899451581436,1.0652449725790718,4.078117264085012,7.806204604450139,118.13899999999998,0.16359999999999997,15.37,2,0,0,0,9,0.41362277253086227,0.5714285714285714
133827,OC12C3C1C1=CC2C3=C1,3.4344986425676005,1.7172493212838003,3.677405116420368,3.9374912607811647,118.13499999999998,0.47329999999999994,20.23,1,1,0,0,9,0.490000338947557,0.5
133830,CC12C3C4CC1N=C4N23,3.5660350480679384,1.7830175240339692,3.526385024014478,3.487175860576869,120.15500000000002,0.24350000000000005,15.37,2,0,0,0,9,0.4180440968450351,0.8571428571428571
133835,OC12C3C1C1=NC2CN31,3.1483818988074628,1.5741909494037314,3.8813889246170588,4.785054821286555,122.12700000000001,-1.1742000000000001,35.830000000000005,3,1,0,0,9,0.43900345990594536,0.8333333333333334
133837,CC12C3C4N=C(C=C14)N23,2.166450704719427,1.0832253523597135,4.059208434155801,7.60560721553806,118.139,0.16360000000000008,15.37,2,0,0,0,9,0.41362277253086227,0.5714285714285714
133841,CC12C3C1C1=CC3OC21,6.059157546331914,3.029578773165957,2.3469007253833007,0.9090278595147366,120.15099999999998,0.9597,9.23,1,0,0,0,9,0.4325215466142712,0.75
133845,OC12C3C1C1=CC3OC21,6.252554229560176,3.126277114780088,2.2311816976727887,0.7961821017872576,122.12299999999998,-0.3155000000000001,29.46,2,1,0,0,9,0.4462463133166076,0.7142857142857143
133848,CC12C3C1N1CC3N=C21,3.020793882240589,1.5103969411202944,3.934726722416083,5.125167417451142,120.155,0.10099999999999998,15.6,2,0,0,0,9,0.44246033752984903,0.8571428571428571
133853,OC12C3C1N1CC3N=C21,3.0444145017660436,1.5222072508830218,4.0839969690802995,5.478567794819556,122.127,-1.1742000000000001,35.83,3,1,0,0,9,0.43900345990594536,0.8333333333333334
133854,CC12CC34CC=C(C13)C24,2.56217863784127,1.281089318920635,3.0882857463704325,3.7224215011293995,118.17899999999997,1.9725,0.0,0,0,0,0,9,0.42649322881609486,0.7777777777777778
133858,CC1N2C3C4=CCC13C24,2.5334686496921397,1.2667343248460698,3.335478502473423,4.391377348132679,119.16699999999999,0.7714000000000001,3.24,1,0,0,0,9,0.4256593344591537,0.75
133864,C1C2CC3OC4CC1C234,3.3290197377496744,1.6645098688748372,3.6503858073491338,4.002774868347141,122.16699999999997,1.1837,9.23,1,0,0,0,9,0.4685632628025617,1.0
133866,C1C2OC3CC4OC1C234,3.045908416418481,1.5229542082092404,2.67080086737631,2.3418882966827903,124.13899999999998,0.31499999999999995,18.46,2,0,0,0,9,0.46256633735556923,1.0
