smiles,pce_pcbm_sas,pce_pcdtbt_sas,pce_1,pce_2,sas
c1ccc(o1)-c1cnc(-c2ccc(nc2)-c2nccs2)c2nsnc12,6.757960788109537,8.633918528544193,9.702820639670794,11.57877838010545,2.9448598515612563
c1ncc(-c2sc(-c3ccc(s3)-c3ncncn3)c3[SiH2]ccc23)c2nsnc12,5.686894587356955,6.806744454003555,9.819981802349288,10.939831668995888,4.133087214992333
c1ncc(s1)-c1cnc(-c2sc(-c3scc4cc[se]c34)c3cc[SiH2]c23)c2nsnc12,4.892186637046969,12.5926454945535,9.664688362092852,17.365147219599383,4.772501725045883
c1sc(-c2sc(-c3ccc([se]3)-c3cncc4nsnc34)c3occc23)c2ccoc12,5.309949916649843,15.482463748898883,9.449873180157264,19.622387012406303,4.139923263507421
c1cc2sc3c4oc(cc4[se]c3c2cn1)-c1nccc2nsnc12,5.558309587084628,5.639109029396831,9.254359698766953,9.335159141079156,3.696050111682325
c1cc2c([se]1)c1[se]c3cc(oc3c1c1ccccc21)-c1cncc2nsnc12,5.509509261439941,8.461295333020857,9.456456366542165,12.40824243812308,3.946947105102224
c1sc(-c2ccc(nc2)-c2ccc(nc2)-c2ncncn2)c2nccnc12,7.348634959527228,10.940999102520012,10.297598528202856,13.88996267119564,2.9489635686756284
c1ncc(-c2cnc3c(c2)c2cocc2c2c3cnc3ccc4=CCC=c4c23)c2nsnc12,6.047729303618388,12.238514370068067,9.8525787406249,16.04336380707458,3.804849437006512
c1ccc2c3sc4cc(sc4c3c3nsnc3c2c1)-c1cncc2nsnc12,5.762798573163826,6.599253621044799,9.18581545848583,10.022270506366803,3.4230168853220047
c1cnc(s1)-c1sc(-c2ncc(-c3scc4[se]ccc34)c3nsnc23)c2ccsc12,6.56482897298728,13.234667107691614,10.691489159571626,17.36132729427596,4.1266601865843455
c1sc(-c2sc(c3[SiH2]ccc23)-c2cnc(-c3cccnc3)c3nsnc23)c2nccnc12,6.151860928681364,12.96406770283242,10.223633728769608,17.035840502920664,4.071772800088244
c1cnc(-c2cnc3c(c2)c2nsnc2c2ccc4cocc4c32)c2nsnc12,6.078213811268714,8.291716656649978,9.61065273809498,11.824155583476244,3.5324389268262664
c1cc2sc3c4[SiH2]C(=Cc4[se]c3c2c2nsnc12)c1cncc2nsnc12,4.958784853176491,8.671309590881458,9.423356968860666,13.135881706565634,4.464572115684176
c1ncc(s1)-c1cnc(-c2sc(-c3scc4sccc34)c3occc23)c2nsnc12,6.697558280044607,12.623078735568964,10.607480005090489,16.533000460614847,3.909921725045882
[nH]1cccc1-c1ncc(-c2ccc([se]2)-c2ccccn2)c2nsnc12,6.027540045400575,12.476611157319152,9.593097127731063,16.04216823964964,3.5655570823304883
c1cnc2c3[se]c(cc3c3cscc3c2c1)-c1cncc2nsnc12,6.395788936323365,8.535656341037015,10.132510326346162,12.272377731059812,3.736721390022797
c1cc2ccc3c4oc(cc4sc3c2c2nsnc12)-c1cncc2nsnc12,5.55235780855185,6.18385997806698,8.998344474093633,9.629846643608763,3.445986665541783
c1ccc(-c2ncc(-c3ncc(s3)-c3ncncn3)c3nsnc23)c2c[nH]cc12,6.726977508717962,12.769433884729954,10.204585666313458,16.24704204232545,3.477608157595496
c1cnc(s1)-c1sc(-c2cnc(-c3scc4occc34)c3nsnc23)c2ccsc12,6.261481238017106,12.940877286190112,10.099316809216836,16.77871285738984,3.8378355711997294
[nH]1cccc1-c1ncc(s1)-c1sc(-c2cncs2)c2nccnc12,6.523457923678802,11.759734711928257,9.946667650745743,15.182944438995197,3.423209727066941
c1cnc(C2=Cc3c(C2)c2[se]c4ccc5=CCC=c5c4c2c2c[nH]cc32)c2nsnc12,3.6151673745653774,20.088740949256884,8.038462145165294,24.5120357198568,4.423294770599917
c1cnc(s1)-c1sc(-c2ccc(-c3scc4ccoc34)c3nsnc23)c2nccnc12,6.123348868471243,13.407928386632449,9.732326021205154,17.01690553936636,3.6089771527339103
c1sc(-c2cnc3c4[se]c5ccc6ccccc6c5c4ncc3c2)c2nccnc12,6.126059825449142,10.810134918973413,9.538064627418102,14.222139720942373,3.41200480196896
c1ncc(-c2cc3sc4c(cnc5ccc6=CCC=c6c45)c3c3cocc23)c2nsnc12,5.723492479576943,12.445133517370056,9.633063356588265,16.35470439438138,3.9095708770113218
c1ccc(cn1)-c1cnc(-c2sc(-c3cccc4cocc34)c3sccc23)c2nsnc12,6.155793997308856,13.162561371874268,9.61578458585864,16.62255196042405,3.4599905885497835
c1sc(-c2cc3c(c4c5cscc5ccc4c4=CCC=c34)c3=CCC=c23)c2cc[se]c12,-3.084309492283193,26.88640584931552,1.373977337870072,31.344692679468785,4.458286830153265
c1sc(-c2cnc(s2)-c2sc(-c3cncc4nsnc34)c3cc[nH]c23)c2nccnc12,6.40779158953092,13.304922117798922,10.238892315465824,17.136022843733826,3.831100725934904
c1sc(-c2sc(-c3sc(-c4cncc5nsnc45)c4cc[se]c34)c3ccsc23)c2ccoc12,5.133459791230552,15.896100251732005,9.43209384362168,20.19473430412313,4.298634052391128
c1[SiH2]c(cc1)-c1ncc(-c2sc(-c3cccc4nsnc34)c3nccnc23)c2nsnc12,5.795144948754616,13.9818000107901,9.909390825765938,18.09604588780142,4.114245877011322
c1sc(C2=Cc3c(C2)c2[se]c4ccc5c[nH]cc5c4c2c2=C[SiH2]C=c32)c2occc12,-2.8542932130042638,26.254567094929158,2.0067069735800818,31.1155672815135,4.861000186584345
[nH]1cccc1-c1sc(-c2sc(-c3scc4nccnc34)c3[nH]ccc23)c2[se]ccc12,0.6413964079281369,24.385426000374,4.77793813297402,28.52196772541988,4.136541725045883
c1cnc2c(c1)c1cocc1c1c2ncc2cc(-c3cncc4nsnc34)c3cocc3c12,6.235289915753926,12.454392491620183,9.948833059054143,16.1679356349204,3.7135431433002175
c1ccc(-c2ncc(s2)-c2sc(-c3cncc4nsnc34)c3occc23)c2cscc12,5.962746147509237,11.905184278790202,9.594907419349846,15.537345550630812,3.6321612718406096
c1cc2cnc3c4ncc(cc4c4cocc4c3c2[se]1)-c1cncc2nsnc12,6.123694902554485,12.0714370077934,10.10742932009693,16.055171425335846,3.983734417542445
[nH]1c(cc2c3nsnc3c3cc4ccoc4cc3c12)-c1cncc2nsnc12,6.795644486461242,9.03738792874028,10.293184998156873,12.53492844043591,3.49754051169563
c1cnc(-c2cc3cnc4c(c3s2)c2=CCC=c2c2ccc3=C[SiH2]C=c3c42)c2nsnc12,5.595585351080331,12.636568454349604,9.99995574732242,17.040938850591694,4.40437039624209
c1cc2c([se]1)c1cnc3cc(-c4scc5sccc45)c4cscc4c3c1c1=CCC=c21,0.2307993826319121,24.32553270884573,4.525137329410489,28.619870655624307,4.294337946778577
c1sc(c2Cccc12)-c1ncc(-c2ccc(o2)-c2ncncn2)c2nsnc12,6.293886104554753,7.227413842739761,9.968950792074558,10.902478530259566,3.675064687519805
c1ccc(s1)-c1cnc(-c2ccc(-c3cncs3)c3cocc23)c2nsnc12,6.147119277966263,11.260150319771393,9.573020778672882,14.686051820478012,3.425901500706619
[nH]1c(cc2ccc3c4ncccc4c4=C[SiH2]C=c4c3c12)-c1cncc2nsnc12,6.126826882955766,13.73874639202822,10.036602149304578,17.64852165837703,3.909775266348812
[nH]1c(ccc1-c1sc(-c2ncncn2)c2cc[se]c12)-c1scc2nccnc12,5.522542072901792,11.182429218606464,9.544925991190828,15.2048131368955,4.022383918289036
c1cc2cc3c4cscc4c4cc([se]c4c3cc2c2cscc12)-c1cncc2nsnc12,5.675072560573768,10.198431765821455,9.587466033738936,14.110825238986626,3.912393473165168
c1ccc([se]1)-c1cnc(-c2sc(-c3cccc4nsnc34)c3ccoc23)c2nsnc12,5.917845829830981,12.532037289006755,9.8469788138304,16.461170273006175,3.92913298399942
c1ncc(-c2ccc(-c3sc(-c4ncncn4)c4cc[nH]c34)c3c[SiH2]cc23)c2nsnc12,5.513392421686812,14.053607220879677,9.789387337159672,18.329602136352538,4.27599491547286
[nH]1c(cc2cnc3c4CC=Cc4cnc3c12)-c1cncc2nsnc12,6.329972926393531,15.922739236748502,9.947975547185557,19.540741857540528,3.6180026207920255
c1ccc2c(c1)c1nsnc1c1c2cnc2cc(cnc12)-c1cncc2nsnc12,6.96782778515136,14.354302381435916,10.205967971735705,17.59244256802026,3.238140186584345
c1ncc(s1)-c1cc2c3nsnc3c3c(sc4ccc5cocc5c34)c2c2nsnc12,5.650487789476504,8.814700715154222,9.556396455858058,12.720609381535777,3.9059086663815545
[nH]1ccc2cnc3c4oc(cc4cnc3c12)-c1cncc2nsnc12,6.620896693218889,13.558631284449556,10.03572823708784,16.973462828318507,3.414831543868951
c1cnc(s1)-c1cnc(-c2sc(-c3scc4occc34)c3occc23)c2nsnc12,6.353386388275627,12.568427079258765,10.208866574859972,16.42390726584311,3.855480186584344
c1ccc(o1)-c1cnc(s1)-c1ccc(-c2nccc3nsnc23)c2nsnc12,7.117373318813071,9.463055634136278,10.360283061277933,12.70596537660114,3.242909742464862
c1cc2c(c3nsnc13)c1sc3cc(sc3c1c1=C[SiH2]C=c21)-c1cncc2nsnc12,3.355746790359144,19.99956936292009,7.654296647807694,24.29811922036864,4.298549857448551
c1cnc(s1)-c1ncc(-c2sc(-c3scc4ccCc34)c3ccsc23)c2nsnc12,6.055603900133818,13.284883810725988,9.965637932872008,17.19491784346418,3.9100340327381904
c1sc(-c2ccc(cn2)-c2sc(-c3cncc4nsnc34)c3ccsc23)c2cc[se]c12,6.525505158941735,12.308608160141937,10.490382063536687,16.27348506473689,3.964876904594952
[nH]1ccc2[se]c3c4[nH]c(cc4c4c[nH]cc4c3c12)-c1scc2ccsc12,3.204206507838582,20.679755276729335,7.347483926296325,24.82303269518708,4.143277418457743
c1ncc(s1)-c1sc(-c2sc(-c3nccc4nsnc34)c3sccc23)c2[se]ccc12,5.593005689389543,12.672955749818966,9.725678183666195,16.80562824409562,4.132672494276653
c1cc2[se]c3c(c4cocc4c4cc(cnc34)-c3cncc4nsnc34)c2c2nsnc12,5.652728408035888,7.043836813717286,9.697144958124133,11.088253363805531,4.044416550088245
c1ccc(s1)-c1ncc(-c2ccc(-c3ncncn3)c3cocc23)c2nsnc12,6.880735482279468,8.615669836712186,10.262900669052684,11.9978350234854,3.382165186773215
c1cc2c3ccccc3c3c4oc(cc4ccc3c2cn1)-c1nccc2nsnc12,6.857869835714313,11.195514111303222,9.74666848383712,14.084312759426028,2.8887986481228065
[nH]1c(cc2cc3cc4sccc4cc3cc12)-c1nccc2nsnc12,5.84852814223613,17.48664443953455,8.898465532258927,20.536581829557345,3.049937390022796
c1sc(-c2sc(-c3cnc(s3)-c3cncc4nsnc34)c3occc23)c2ccCc12,5.78141435424063,13.723907033902826,9.717633002363437,17.660125682025633,3.9362186481228063
c1cnc2c(c1)sc1c2c2cscc2c2cc(-c3ncncn3)c3nsnc3c12,5.51351372647871,6.208690179881851,9.00193779919357,9.69711425259671,3.48842407271486
c1ccc([se]1)-c1cc2c3cocc3c3c([se]c4ccc5=C[SiH2]C=c5c34)c2c2cscc12,-2.1622705704046985,25.60318321890691,2.7670609247609748,30.532514714072583,4.929331495165673
c1cc2ncc3c([se]c4cc(-c5ncncn5)c5=C[SiH2]C=c5c34)c2c2nsnc12,5.4115175976620105,10.426770729468751,9.822904004594378,14.83815713640112,4.411386406932367
c1ccc([se]1)-c1cnc(-c2ccc([se]2)-c2cccc3c[SiH2]cc23)c2nsnc12,4.557706699956038,15.672959746469838,9.201212596267052,20.31646564278085,4.643505896311014
c1cc2c3c[nH]cc3c3c4sc(cc4ncc3c2[se]1)-c1cncc2nsnc12,5.981155690584824,10.755029982283691,9.972855542939795,14.746729834638662,3.991699852354971
c1ncc(s1)-c1sc(-c2ccc(-c3cncc4nsnc34)c3cscc23)c2ccoc12,5.9396547357849165,12.204314161177614,9.71013164037987,15.974791065772568,3.770476904594954
c1ccc([se]1)-c1cc2[se]c3c(c2cn1)c1=C[SiH2]C=c1c1cccnc31,-3.026597115037468,26.9725325245988,1.6010079672930209,31.60013760692929,4.627605082330489
[nH]1c2ccncc2c2cnc3cc(sc3c12)-c1scc2nccnc12,6.32737430320888,10.547120340663984,9.510901231693216,13.73064726914832,3.183526928484336
c1cc2c3cscc3c3c4oc(cc4c4nsnc4c3c2s1)-c1nccc2nsnc12,5.994611387747036,9.293694830402952,9.683254545443726,12.98233798809964,3.6886431576966894
[nH]1c(cc2cc3c4cscc4c4ccoc4c3cc12)-c1cncc2nsnc12,6.660675111307527,13.412089286525497,10.056663974651508,16.808078149869477,3.395988863343981
c1ccc2c(c1)c1ccccc1c1c2ncc2cc(-c3nccc4nsnc34)c3nsnc3c12,6.138056413795867,9.239454788865489,9.268461035630647,12.369859410700268,3.1304046218347805
c1cnc(C2=Cc3cnc4c(c3C2)c2nsnc2c2ccc3nsnc3c42)c2nsnc12,6.082816617792054,10.049124664460855,9.966330764034144,13.932638810702944,3.8835141462420895
c1sc(-c2[SiH2]c(cc2)-c2sc(-c3cncc4nsnc34)c3nccnc23)c2ccsc12,5.777918532531079,15.860759277729908,10.029647546307174,20.112488291506004,4.251729013776095
[nH]1c2cc(ccc2c2[se]c3ccc4c[nH]cc4c3c12)-c1cncs1,0.812846039332503,25.085922686183658,4.513765381784059,28.786842028635213,3.700919342451556
[nH]1c2ccc3=CCC=c3c2c2c3cocc3c3cc([se]c3c12)-c1ncncn1,4.858714449024989,17.986114121952518,9.121795620061278,22.249195292988805,4.263081171036289
c1cc2c3cscc3c3c4oc(cc4ncc3c2s1)-c1nccc2nsnc12,6.141649223035733,7.447828111423865,9.570736987478616,10.876915875866748,3.429087764442883
c1sc(c2Cccc12)-c1cnc(-c2cnc(-c3ccccn3)c3nsnc23)c2nsnc12,7.002137884627156,13.322865056469125,10.741845300100016,17.062572471941984,3.73970741547286
c1cc2ccc3c4sc(cc4c4ccccc4c3c2cn1)-c1cncc2nsnc12,7.278344901985548,11.00692940152366,10.230320473185277,13.958904972723388,2.9519755711997284
c1ncc(s1)-c1ccc(o1)-c1ncc(-c2ccccn2)c2nsnc12,6.955374635500267,11.079033236952984,10.102792640907678,14.226451242360396,3.1474180054074115
c1cnc(s1)-c1ccc([se]1)-c1ccc(-c2scc3[se]ccc23)c2nsnc12,5.404785715998434,12.261921062165658,9.553863814588594,16.410999160755818,4.149078098590159
c1sc(-c2ncc(s2)-c2ncc(-c3scc4[se]ccc34)c3nsnc23)c2[SiH2]ccc12,5.316219505720431,10.957875861913315,10.046638153843237,15.68829451003612,4.730418648122805
c1sc(-c2ncc(s2)-c2cncc3nsnc23)c2c1c1ccccc1c1ccccc21,6.896892649379465,9.36957256959442,9.988677246282112,12.461357166497068,3.091784596902647
c1ccc([se]1)-c1sc(-c2ccc([se]2)-c2scc3ccsc23)c2nccnc12,4.687111593172292,16.974861076378613,8.843769178941939,21.13151866214826,4.156657585769646
c1sc(-c2cnc3c(c2)sc2c4cnccc4[se]c32)c2nccnc12,6.152711612440026,10.238415934563324,9.81042131015513,13.896125632278428,3.657709697715104
c1ncc(s1)-c1sc(-c2cnc(s2)-c2scc3cc[se]c23)c2nccnc12,6.79580021960529,11.447689434537187,10.802524472041602,15.4544136869735,4.006724252436312
c1cc2c3ccccc3c3cc4cc(sc4cc3c2c2nsnc12)-c1cncc2nsnc12,6.38559554006379,9.510176731376468,9.619492529517853,12.744073720830531,3.2338969894540632
[nH]1cccc1-c1cc2cc3[se]c4ccc5cscc5c4c3cc2[nH]1,0.6994911136688904,25.170108176334335,4.392266225351216,28.862883288016665,3.6927751116823258
c1ccc(-c2ccc(cn2)-c2sc(-c3cncc4nsnc34)c3ccsc23)c2cocc12,6.531160370522224,12.848678466082932,10.0233836513797,16.340901746940407,3.492223280857475
c1sc(-c2cc3sc4c(c3cn2)c2nsnc2c2ccc3nsnc3c42)c2[se]ccc12,5.729579779249321,13.003563645634223,9.850167850097376,17.124151716482277,4.120588070848055
c1sc(-c2cnc(-c3[SiH2]c(cc3)-c3nccc4nsnc34)c3nsnc23)c2ccoc12,6.166748640005845,12.323511117490632,10.463605693484173,16.62036817096896,4.296857053478328
c1ccc(-c2ccc(s2)-c2sc(-c3ncncn3)c3[se]ccc23)c2nsnc12,5.799975398152744,9.998056567423172,9.476665360397824,13.674746529668251,3.67668996224508
[nH]1c(cc2ncc3c(c4cocc4c4ccc5=CCC=c5c34)c12)-c1cncc2nsnc12,5.319298599470358,17.375155253095336,9.314709861097064,21.370566514722043,3.995411261626707
c1sc(-c2sc(-c3ccc([se]3)-c3nccc4nsnc34)c3ccsc23)c2[se]ccc12,4.861108319058161,15.07380837536152,9.21069465948866,19.423394715792018,4.349586340430498
[nH]1cccc1-c1cc2c([se]1)c1cnc3ccc4cocc4c3c1c1=CCC=c21,1.5972275325792502,23.357356641447424,5.759701560758397,27.51983066962657,4.162474028179147
c1sc(-c2cc3oc4c(c5nsnc5c5ccc6nsnc6c45)c3s2)c2nccnc12,6.058435427987533,10.958679278934955,9.866191240771071,14.766435091718495,3.8077558127835385
c1ncc(s1)-c1ccc(o1)-c1ncc(-c2cccnc2)c2nsnc12,7.0516164558532175,10.144974906390232,10.172841230491398,13.266199681028413,3.121224774638181
[nH]1c(cc2c3nsnc3c3C=C[SiH2]c3c12)-c1cncc2nsnc12,6.066982744588036,10.832943666623144,10.375929010116517,15.141889932151626,4.308946265528481
c1ccc2c3sc4cc(-c5nccc6nsnc56)c5nsnc5c4c3cnc2c1,7.000134184014473,8.924453690938613,10.243307858851349,12.16762736577549,3.243173674836876
c1cnc(s1)-c1sc(-c2sc(-c3scc4occc34)c3occc23)c2nccnc12,5.400790864294529,15.88732443772352,9.158849512417335,19.645383085846326,3.758058648122806
c1ccc(o1)-c1sc(-c2ncc(-c3scc4nccnc34)c3nsnc23)c2cc[se]c12,6.11630199649106,14.632141884359209,10.129592796867652,18.6454326847358,4.013290800376591
c1ncc(s1)-c1ccc(-c2ccc([se]2)-c2scc3nccnc23)c2nsnc12,6.719121511522005,11.82939405270167,10.509580704536315,15.61985324571598,3.790459193014311
c1sc(-c2ccc([se]2)-c2cnc(-c3ccccn3)c3nsnc23)c2[nH]ccc12,5.541866276167509,16.313594105571305,9.263401293357646,20.03512912276144,3.7215350171901367
c1cc2ccc3c4sc(cc4c4cocc4c3c2[se]1)-c1cncc2nsnc12,5.408165073104627,9.031813148042088,9.38742316721784,13.0110712421553,3.979258094113213
C1C=CC=C1C1=Cc2c(C1)c1[se]c3C=CCc3c1c1cscc21,1.4836400510907746,22.3223497731072,5.934090191957585,26.77279991397401,4.450450140866811
c1ccc(o1)-c1ccc(-c2sc(-c3scc4nccnc34)c3[nH]ccc23)c2nsnc12,2.676794288050039,22.835285190211174,6.213138686441519,26.37162958860265,3.5363443983914795
[nH]1c(cc2ccc3c(c4c[nH]cc4c4ccc5nsnc5c34)c12)-c1cncc2nsnc12,6.059197668050295,14.549087403933555,9.69018248736931,18.18007222325257,3.630984819319014
[nH]1c2ccccc2c2c3cocc3c3C=C([SiH2]c3c12)c1ccc[se]1,1.0409991215792402,23.84514787710028,5.205151156338488,28.00929991185953,4.164152034759248
c1cnc(s1)-c1Cc(cc1)-c1ccc(s1)-c1cncc2nsnc12,6.106651801984425,11.681835062192777,9.608138452128289,15.18332171233664,3.501486650143864
[SiH2]1C=Cc2ncc3c(ccc4cc(cnc34)-c3cncc4nsnc34)c12,6.28547759027973,14.426110387035049,10.12189583713984,18.26252863389516,3.8364182468601102
C1C=Cc2c1c1c3cocc3c3cc([se]c3c1c1cscc21)-c1cccc2c[nH]cc12,-3.9102737401753775,28.3649540912353,0.3345411296801209,32.6097689610908,4.244814869855499
c1sc(-c2sc(-c3sc(-c4cncc5nsnc45)c4occc34)c3cc[se]c23)c2ccsc12,4.99411885089384,15.249490333746897,9.288175280907344,19.5435467637604,4.294056430013504
c1ccc(o1)-c1cnc(-c2ncc(-c3scc4ccCc34)c3nsnc23)c2nsnc12,6.188673933290168,10.07804668550183,10.009151830440953,13.898524582652614,3.820477897150784
c1ncc(s1)-c1sc(c2Cccc12)-c1sc(-c2cncc3nsnc23)c2ccsc12,6.445899044502163,12.54092476002256,10.44072538493266,16.53575110045306,3.994826340430498
c1ccc(s1)-c1cnc(-c2ncc(-c3cccc4cCcc34)c3nsnc23)c2nsnc12,5.3969291057275575,16.193555161486923,9.077012963508109,19.873639019267475,3.6800838577805512
c1ncc(s1)-c1ccc([se]1)-c1cnc(-c2cccc3cocc23)c2nsnc12,6.970612439908141,11.392875738286063,10.799832621933442,15.222095920311364,3.829220182025301
[SiH2]1C=Cc2ncc3c4ncc(cc4c4cscc4c3c12)-c1nccc2nsnc12,5.4236673867251,13.852765174465334,9.464228329466485,17.89332611720672,4.040560942741385
c1ncc(C2=Cc3cnc4c(cnc5ccc6=C[SiH2]C=c6c45)c3C2)c2nsnc12,5.643536831972691,14.468166464827084,9.897433583732642,18.722063216587035,4.253896751759951
[nH]1c(cc2c3nsnc3c3c4cnccc4c4cscc4c3c12)-c1cncc2nsnc12,3.810963785390353,21.5206652443931,7.516360143170905,25.22606160217365,3.705396357780552
c1cc2cc3c4nsnc4c4cc(-c5scc6C=CCc56)c5nsnc5c4c3cc2s1,4.404110095413926,5.066515304962672,8.261636131522527,8.924041341071273,3.8575260361086015
C1C=CC=C1c1cc2c3nsnc3c3c4CC=Cc4c4c[nH]cc4c3c2[se]1,-0.2666063866189905,24.653855355967234,4.17123581453527,29.091697557121496,4.43784220115426
c1cc2oc3c4oc(cc4c4nsnc4c3c2o1)-c1nccc2nsnc12,4.9207981061570605,5.482951824932733,8.645383897054911,9.207537615830583,3.7245857908978506
c1ccc(-c2ccc(-c3ncc(-c4ncncn4)c4nsnc34)c3cCcc23)c2cscc12,6.248993658274372,14.077789910081028,9.956903235141022,17.785699486947678,3.7079095768666495
c1cc2c(o1)c1cnc3cc(oc3c1c1=C[SiH2]C=c21)-c1nccc2nsnc12,5.925511893883344,11.449629556687764,10.05193647151304,15.57605413431746,4.126424577629696
[nH]1c(ccc1-c1cnc(-c2cncc3nsnc23)c2nsnc12)-c1scc2cc[nH]c12,5.84928551859718,16.746202656813853,9.687367385971289,20.58428452418796,3.838081867374109
c1sc(-c2ccc(o2)-c2ncc(-c3cncc4nsnc34)c3nsnc23)c2[nH]ccc12,6.662486736667453,14.12247652499252,10.408810291386477,17.868800079711544,3.746323554719024
c1ccc([se]1)-c1cnc2c(c1)c1cocc1c1c3c4c[nH]cc4ccc3c3cocc3c21,-2.8060165220292124,27.345369585429708,1.2262687780590318,31.377654885517952,4.032285300088244
c1ncc(s1)-c1cc2c3cscc3c3c(ccc4ccc5ccccc5c34)c2c2nsnc12,-2.840059064213351,28.974174444898807,0.371147016149804,32.18538052526196,3.211206080363155
c1sc(-c2ccc(cc2)-c2ccc([se]2)-c2cncc3nsnc23)c2[se]ccc12,6.165754946424631,12.744882579164225,10.142510842735645,16.72163847547524,3.9767558963110137
[nH]1c2ccoc2c2ncc3cc(cnc3c12)-c1cncc2nsnc12,7.081143092319897,9.851641039527967,10.446614020804232,13.217111968012302,3.365470928484335
c1cc2ccc3cc(oc3c2c2cocc12)-c1cncc2nsnc12,6.047635666878184,9.482855001768566,9.357655518439442,12.792874853329824,3.3100198515612576
c1sc(-c2sc(-c3scc4nccnc34)c3nccnc23)c2[se]ccc12,5.372368727157291,15.047091224047351,9.315244370467106,18.989966867357168,3.942875643309815
[nH]1ccc2ncc3cc4cc(cnc4cc3c12)-c1cncc2nsnc12,7.150192077244659,11.590768429090144,10.34124109333554,14.781817445181025,3.191049016090881
c1cc2oc3c(c4nsnc4c4cc(-c5nccc6nsnc56)c5nsnc5c34)c2c2cscc12,5.908217904095979,9.14830244465712,9.776329769083109,13.01641430964425,3.86811186498713
c1cnc(s1)-c1ccc(-c2sc(c3Cccc23)-c2ncncn2)c2nsnc12,5.85210657484124,7.567242256582073,9.471229504119288,11.18636518586012,3.619122929278048
c1ncc(s1)-c1cnc(-c2sc(-c3scc4Cccc34)c3cc[se]c23)c2nsnc12,3.440185987643047,20.21216029342529,7.766110789612006,24.538085095394248,4.325924801968959
c1ccc(s1)-c1ncc(-c2ccc(-c3ncncn3)c3cCcc23)c2nsnc12,6.341892246625873,13.361546758522657,9.920594833929592,16.940249345826373,3.5787025873037184
c1sc(-c2sc(-c3sc(-c4ncncn4)c4[nH]ccc34)c3occc23)c2nccnc12,5.70269599195904,14.485495033044486,9.552850812186747,18.335649853272194,3.850154820227708
[nH]1c(cc2sc3c4occc4c4cocc4c3c12)-c1cncc2nsnc12,5.985489854732643,12.79134066937264,9.814914961869809,16.620765776509806,3.829425107137165
c1sc(-c2ncc(-c3ccc(nc3)-c3cncc4nsnc34)c3nsnc23)c2ccCc12,6.232902064437583,11.914059332901749,9.961470537602752,15.642627806066915,3.728568473165168
c1sc(-c2ccc(nc2)-c2sc(-c3scc4sccc34)c3nccnc23)c2nccnc12,6.137974577852324,13.635925867542692,9.670966127940568,17.168917417630936,3.5329915500882443
[nH]1c(cc2ncc3c4[SiH2]C=Cc4c4ccccc4c3c12)-c1cncc2nsnc12,6.412987670826491,12.569392268763568,10.281994767414028,16.438399365351106,3.8690070965875374
[nH]1c(ccc1-c1ncc(-c2cncs2)c2nsnc12)-c1scc2nccnc12,7.011642253250512,11.041700642012833,10.691892655056032,14.721951043818352,3.68025040180552
c1ccc([se]1)-c1ccc(-c2cnc(s2)-c2nccc3nsnc23)c2ccccc12,6.677109624351383,8.809127321566253,10.0038997448116,12.13591744202647,3.326790120460217
c1cc2cc3sc4cc([se]c4c3cc2o1)-c1nccc2nsnc12,6.705571234468261,9.50286322285324,10.414080961535202,13.21137294992018,3.708509727066941
c1cnc(s1)-c1ncc(-c2ccc(-c3ccccn3)c3cscc23)c2nsnc12,7.132741137174458,12.375194078542336,10.329180064000722,15.5716330053686,3.1964389268262643
c1cnc(-c2cc3c4nsnc4c4c(cnc5ccc6ccccc6c45)c3cn2)c2nsnc12,6.472788033614053,9.693914415654676,9.741180438254265,12.962306820294888,3.2683924046402115
c1sc(-c2sc(-c3sc(-c4cccc5nsnc45)c4sccc34)c3[nH]ccc23)c2ccsc12,-2.779769804668824,27.981131193374463,1.0028726393306953,31.763773637373983,3.782642443999519
c1sc(-c2cc3cnc4c5ccccc5c5=C[SiH2]C=c5c4c3[se]2)c2occc12,1.1592435320155197,23.32835618602387,5.458250527227633,27.627363181235985,4.299006995212113
c1sc(-c2ncc(-c3ncc(s3)-c3cccc4cscc34)c3nsnc23)c2[se]ccc12,6.252693758550822,12.686568280212096,10.214305650738828,16.648180172400103,3.9616118921880057
c1sc(-c2ncc(-c3sc(-c4nccc5nsnc45)c4ccoc34)c3nsnc23)c2occc12,6.171927821057194,12.064127986001386,10.165118868231342,16.057319033175535,3.993191047174149
c1ccc(cc1)-c1cnc(s1)-c1cnc(-c2cccc3cscc23)c2nsnc12,6.698057552231369,11.645749023141256,9.717975524150472,14.66566699506036,3.019917971919103
c1sc(-c2cc3cc4cnc5ccc6ccccc6c5c4cc3[se]2)c2nccnc12,7.034853605802323,12.314574641379489,10.419739946232822,15.699460981809985,3.3848863404304987
[nH]1c2C=C(Cc2c2oc3ccc4ccccc4c3c12)c1ccc[se]1,-1.5270863225903248,27.34879951629614,1.999456096784309,30.87534193567077,3.5265424193746338
c1ncc(-c2sc(-c3ccc(nc3)-c3ncncn3)c3[nH]ccc23)c2nsnc12,6.946899421667106,10.4189765732619,10.44997813629178,13.922055287886575,3.5030787146246736
c1cc2ncc3C=C([SiH2]c3c2[se]1)c1cncc2nsnc12,4.873061558253284,7.981636148884844,9.45649858527886,12.56507317591042,4.583437027025576
c1cc2ncc3c(c4cscc4c4cc(-c5nccc6nsnc56)c5ccccc5c34)c2cn1,6.429071297333237,10.113267612089778,9.613911665774353,13.298107980530894,3.184840368441116
c1sc(c2[SiH2]ccc12)-c1ccc(cc1)-c1cnc(s1)-c1nccc2nsnc12,6.338349723949283,8.816394546795298,10.120756719161395,12.598801542007411,3.7824069952121127
[nH]1cccc1-c1sc(c2[SiH2]ccc12)-c1sc(-c2ccccn2)c2nccnc12,3.6906141307995215,20.37004553834945,7.59884640073691,24.27827780828684,3.908232269937388
c1ccc([se]1)-c1ncc(s1)-c1sc(-c2cccc3nsnc23)c2nccnc12,6.370313635230199,11.663507896713876,10.01703326780495,15.310227529288628,3.646719632574751
c1sc(-c2cc3cc4[se]c5ccc6nsnc6c5c4cc3c3cocc23)c2cc[nH]c12,3.376423837956767,20.93967419604144,7.417603472080256,24.980853830164925,4.041179634123489
c1sc(-c2ccc(cn2)-c2ncc(-c3nccc4nsnc34)c3nsnc23)c2ccCc12,6.978173701420194,10.683150618534722,10.634794097662285,14.339771014776812,3.656620396242091
c1cc2ncc3c4c5nsnc5c(cc4c4=CCC=c4c3c2cn1)-c1nccc2nsnc12,6.878592352885844,12.018705265372752,10.715404027654593,15.8555169401415,3.836811674768749
c1cc2oc3c(c4cscc4c4cc(-c5cncc6nsnc56)c5ccccc5c34)c2cn1,6.340898901676274,9.287855781409204,9.619009877144324,12.565966756877254,3.2781109754680493
[SiH2]1C=Cc2c1c1cc3sc(cc3cc1c1nsnc21)-c1cncc2nsnc12,6.212235566033637,9.528231650531549,10.390924429377618,13.70692051387553,4.178688863343981
c1ccc(-c2sc(-c3cnc(s3)-c3nccc4nsnc34)c3[nH]ccc23)c2nsnc12,6.551105897262525,14.40238410061814,10.143025481758222,17.994303685113838,3.591919584495697
[nH]1cccc1-c1sc(-c2sc(-c3nccs3)c3nccnc23)c2nccnc12,5.87629618733186,16.65087006797006,9.32301636935716,20.09759024999536,3.4467201820253006
c1sc(c2[SiH2]ccc12)-c1ccc(-c2sc(-c3ncncn3)c3sccc23)c2nsnc12,5.600577238720532,9.85442894455014,9.8450705204867,14.098922226316308,4.244493281766169
c1cnc2c(c1)ncc1c3sc(cc3c3ccccc3c21)-c1nccc2nsnc12,6.652116941660282,14.913285948830245,9.625334051321548,17.88650305849151,2.9732171096612667
[nH]1c(cc2[nH]c3c4sccc4c4ccccc4c3c12)-c1scc2sccc12,4.849158277477022,21.18330746638116,8.083386803417607,24.417535992321746,3.234228525940585
c1cc2ncc3c4ncc(cc4oc3c2o1)-c1scc2nccnc12,6.138266590030836,10.636231075714846,9.49502551851517,13.99299000419918,3.356758928484334
c1cnc(s1)-c1sc(-c2ccc(nc2)-c2nccc3nsnc23)c2sccc12,6.265860306036329,10.188735692555325,9.594324444105585,13.51719983062458,3.328464138069256
C1C=Cc2c1c1[se]c3cc(-c4scc5nccnc45)c4=C[SiH2]C=c4c3c1c1cocc21,-3.4655910164683004,26.993780693050308,1.344349411699855,31.803721121218462,4.809940428168155
[nH]1c2C=CCc2c2c1c1CC(=Cc1c1=CCC=c21)c1scc2cc[se]c12,-0.1982091345892414,24.000266539394552,4.518520946590397,28.71699662057419,4.716730081179638
C1C=c2c3C=C[SiH2]c3c3ncc4cc([se]c4c3c2=C1)-c1nccc2nsnc12,5.6932247572558925,11.001913059931807,10.469950433786687,15.778638736462604,4.776725676530795
c1cc2c([se]1)c1c3cscc3c3cc([se]c3c1c1=C[SiH2]C=c21)-c1cncc2nsnc12,4.535224167815385,15.220030505057878,9.540295613353267,20.22510195059576,5.005071445537882
[nH]1ccc2c3cscc3c3c([se]c4cc(-c5scc6C=C[SiH2]c56)c5=CCC=c5c34)c12,1.190397377823583,22.09841602578196,6.0769544874848505,26.984973135443227,4.886557109661267
c1cc2c(o1)c1[se]c3cc(ncc3c1c1=CCC=c21)-c1scc2cc[se]c12,-2.9527644387307346,26.84037305008342,1.6666521213978844,31.45978961021204,4.619416560128619
c1ccc(o1)-c1ncc(-c2ncc(s2)-c2cccc3cscc23)c2nsnc12,6.900855078329784,11.874675268330677,10.156140644970469,15.129960834971362,3.2552855666406844
c1ncc(s1)-c1sc(-c2ccc(-c3cncs3)c3cCcc23)c2nccnc12,5.720598778061879,14.463411149910856,9.510711817230035,18.253524189079013,3.790113039168157
c1Cc(cc1)-c1ncc(s1)-c1cnc(-c2cccc3nsnc23)c2nsnc12,6.69637759036762,10.276545334051333,10.21398843173358,13.79415617541729,3.5176108413659595
[nH]1c2ccncc2c2ncc3cc(-c4cncc5nsnc45)c4cocc4c3c12,6.790299965640634,11.582625874205192,10.34652085533162,15.13884676389618,3.5562208896909864
c1cnc(-c2cc3ncc4c5c6cocc6ccc5c5=C[SiH2]C=c5c4c3s2)c2nsnc12,5.372413902305127,13.272130236428463,9.536631413931833,17.43634774805517,4.164217511626706
c1cc2[se]c3c4oc(cc4c4nsnc4c3c2c2cscc12)-c1nccc2nsnc12,5.600689056936515,9.89921982618674,9.671183827536431,13.969714596786655,4.070494770599916
[nH]1ccc2c3cocc3c3c([se]c4cc(-c5scc6occc56)c5ccccc5c34)c12,0.0308181843341541,25.5368617220645,3.897119406546973,29.40316294427732,3.866301222212819
c1cnc(s1)-c1cnc2c(c1)c1cocc1c1c2ccc2ccc3ccccc3c12,-2.464631079209565,29.30059980876118,0.3879691073747792,32.153199995345524,2.852600186584344
c1cc2sc3c(sc4cc(-c5cncc6nsnc56)c5nsnc5c34)c2c2ccccc12,5.838017364581654,7.501522036920937,9.270330068516053,10.933834740855335,3.4323127039343984
c1cc2cc3c4nsnc4c4cc(sc4c3cc2c2cscc12)-c1cncc2nsnc12,6.403679179389428,8.11977418250438,9.997423614093057,11.713518617208008,3.5937444347036287
[SiH2]1C=Cc2cnc3c(ncc4cc(-c5cncc6nsnc56)c5nsnc5c34)c12,5.41500381662885,16.384152593141835,9.660820462288006,20.629969238800992,4.245816645659156
c1cc2cc3c(cc2[se]1)c1c2c[nH]cc2c(cc1c1=CCC=c31)-c1scc2CC=Cc12,-3.321038489378216,27.527788480853104,1.07900516459639,31.92783213482771,4.400043653974606
c1ncc(-c2ccc(-c3ccc(-c4ncncn4)c4c[SiH2]cc34)c3cscc23)c2nsnc12,5.744148413534164,11.96837709367203,9.790918130260955,16.01514681039882,4.046769716726791
[nH]1ccc2c1c1c(c3[se]c(cc3c3=CCC=c13)-c1scc3[SiH2]C=Cc13)c1=C[SiH2]C=c21,-0.4279260402190203,22.81050358184128,5.023501838673017,28.26193146073332,5.451427878892037
c1cc2oc3cc(cnc3c2s1)-c1cncc2nsnc12,6.423820445588424,7.58153186694792,9.687613516570044,10.84532493792954,3.2637930709816203
c1cc2ccc3c(sc4cc(-c5scc6C=CCc56)c5cocc5c34)c2[se]1,-0.9496972897013412,25.77386482300842,3.244924398632407,29.968486511342167,4.194621688333748
[nH]1c(ccc1-c1cncc2nsnc12)-c1sc(-c2cncc3nsnc23)c2ccCc12,6.394845491737884,12.708552494419065,10.32431644099785,16.638023443679028,3.929470949259965
[nH]1c2C=C(Cc2c2[se]c3ccc4nsnc4c3c12)c1ccc[se]1,3.153815624973736,20.21417762340428,7.618864428047904,24.679226426478447,4.465048803074168
c1ccc(-c2sc(-c3ccc(-c4ncncn4)c4nsnc34)c3ccsc23)c2nsnc12,7.170706759350537,10.531257047148486,10.665670424823398,14.026220712621347,3.494963665472861
c1cc2c3c[nH]cc3c3c4sc(cc4sc3c2cn1)-c1cncc2nsnc12,6.296932992676475,11.459643094440844,9.911443834042435,15.074153935806802,3.61451084136596
c1ccc([se]1)-c1ccc(cn1)-c1ccc([se]1)-c1nccc2nsnc12,5.765698990211266,8.208860783446429,9.619756380234062,12.062918173469225,3.854057390022796
[nH]1c2cc[se]c2c2c3c[nH]cc3c3cc(oc3c12)-c1scc2C=C[SiH2]c12,3.465601565551914,18.17471629485342,8.255663007678297,22.964777736979805,4.790061442126383
c1ncc(s1)-c1Cc(cc1)-c1ccc(-c2ncncn2)c2nsnc12,6.1724243565208,7.830453697282781,9.739026361928213,11.397055702690194,3.566602005407413
c1ccc(nc1)-c1cnc(-c2sc(-c3cccnc3)c3[se]ccc23)c2nsnc12,6.938653827621462,10.768579454965169,10.511703364527303,14.341628991871008,3.573049536905841
c1cc2c3nsnc3c3c4CC(=Cc4cnc3c2o1)c1cncc2nsnc12,5.401061912286101,6.613252844370699,9.271926050355358,10.484116982439955,3.870864138069257
c1ncc(s1)-c1ncc(-c2sc(-c3ccccc3)c3[se]ccc23)c2nsnc12,7.075333380361915,12.221390547018396,10.796660705244358,15.94271787190084,3.721327324882443
c1cc2c(cn1)c1c3cscc3c3cc(cnc3c1c1=CCC=c21)-c1cncc2nsnc12,6.04346916563843,12.92286873658545,9.794824896351235,16.674224467298256,3.751355730712805
c1ccc2c(c1)ncc1cc3cc(-c4nccc5nsnc45)c4nsnc4c3cc21,6.738906480107974,10.062998324230811,9.810611282076934,13.13470312619977,3.07170480196896
c1sc(-c2ncc(s2)-c2ccc(cc2)-c2cncc3nsnc23)c2cc[se]c12,5.940678165143991,10.130250322340448,9.531795599916544,13.721367757113,3.5911174347725527
c1sc(-c2cnc(s2)-c2cnc(s2)-c2ncncn2)c2cc[SiH2]c12,4.895785115500722,5.351403173128475,9.028285227183048,9.4839032848108,4.132500111682326
C1C=c2c(cc3c(c4c5cscc5ccc4c4=CCC=c34)c2=C1)C1=CC=CC1,0.9383841272908198,23.9216688760962,5.037980133491944,28.021264882297324,4.099596006201124
c1sc(-c2cnc(s2)-c2Cc(cc2)-c2cncc3nsnc23)c2ccsc12,5.997101938314103,11.707973693942504,9.799137301861526,15.510009057489926,3.8020353635474233
c1sc(-c2cnc(-c3sc(-c4ncncn4)c4cc[nH]c34)c3nsnc23)c2sccc12,6.736037801860995,12.055066549132784,10.642413962039075,15.961442709310864,3.90637616017808
c1ccc(o1)-c1ncc(-c2ncc(s2)-c2scc3ccCc23)c2nsnc12,6.600307309488139,10.34400587501288,10.223542673035562,13.967241238560304,3.623235363547423
c1sc(-c2sc(-c3ccc(-c4nccc5nsnc45)c4nsnc34)c3sccc23)c2ccsc12,5.665745290731039,14.516381445466296,9.416392446502472,18.26702860123773,3.750647155771434
[nH]1c2cc(oc2c2c3cscc3c3ccc4ccccc4c3c12)-c1ccc[se]1,-1.7491463434714325,27.791803771176863,1.7140606517406816,31.255010766388978,3.463206995212114
c1cc2ncc3cc(-c4cncc5nsnc45)c4cscc4c3c2c2nsnc12,6.324947814537481,7.790265528009893,9.82523342571388,11.290551139186292,3.5002856111763982
c1sc(-c2cnc(s2)-c2cnc(-c3cccc4ccccc34)c3nsnc23)c2[se]ccc12,6.007523278076583,12.078804505824593,9.564067712780211,15.63534894052822,3.5565444347036284
c1cc2ncc3c(sc4cc(-c5cncc6nsnc56)c5ccccc5c34)c2o1,5.597622394964166,6.558890202370591,8.82304434566311,9.784312153069536,3.2254219506989443
c1sc(-c2sc(-c3nccc4nsnc34)c3occc23)c2nccnc12,6.827680040402621,12.394072222137485,10.42378053578344,15.990172717518304,3.596100495380819
c1ccc([se]1)-c1sc(-c2sc(-c3ncncn3)c3nccnc23)c2cc[nH]c12,5.8925941793970615,14.00233637493531,9.808764910872911,17.91850710641116,3.91617073147585
c1ccc(s1)-c1sc(-c2sc(-c3scc4nccnc34)c3nccnc23)c2ccsc12,5.947509830518923,17.284627300615178,9.463942566379384,20.80106003647564,3.516432735860461
c1cc2ncc3c4cnc(cc4ncc3c2c2nsnc12)-c1ncncn1,5.96821180289473,7.174561642771595,9.16917537157036,10.375525211447224,3.200963568675629
c1ccc(-c2sc(-c3cnc(s3)-c3nccc4nsnc34)c3nccnc23)c2cCcc12,6.258779763400407,15.4052666688886,9.961579967334805,19.108066872823,3.702800203934398
c1cnc(-c2cc3[se]c4c(cnc5ccc6ccccc6c45)c3s2)c2nsnc12,5.746005770965822,7.587464649477837,9.158353981611716,10.99981286012373,3.412348210645894
c1cnc(-c2cc3cnc4ccc5cocc5c4c3o2)c2nsnc12,6.329474359369892,8.444485879285157,9.708883749392689,11.823895269307952,3.379409390022796
c1sc(-c2cc3[se]c4c(c3[se]2)c2=C[SiH2]C=c2c2ccncc42)c2nccnc12,5.078386285009877,11.19572820860776,9.81130207143078,15.928643995028663,4.732915786420904
c1ccc([se]1)-c1cnc(-c2ccc(-c3cncs3)c3cocc23)c2nsnc12,6.700927469975889,11.141218217927811,10.590815234418772,15.031105982370695,3.889887764442882
[nH]1c2cc([se]c2c2cnc3ccsc3c12)-c1scc2nccnc12,6.128269031027976,10.789065457527864,9.915890296556457,14.576686723056344,3.7876212655284807
c1sc(-c2sc(-c3cnc(-c4cccnc4)c4nsnc34)c3cc[SiH2]c23)c2ccsc12,5.4772243781116,12.128060529646511,9.58914148121772,16.23997763275263,4.11191710310612
c1cc2ccc3c4oc(cc4oc3c2c2cscc12)-c1cncc2nsnc12,5.964443172807819,9.476469149989766,9.41425236582213,12.926278343004077,3.4498091930143104
c1cc2ncc3c4[SiH2]C(=Cc4oc3c2s1)c1cncc2nsnc12,5.410298025882056,7.50447307621114,9.499190445256689,11.593365495585774,4.088892419374633
c1ccc(nc1)-c1[SiH2]c(cc1)-c1ncc(s1)-c1nccc2nsnc12,5.632595001122707,9.378239856765845,9.439459160376272,13.18510401601941,3.806864159253565
c1ccc(s1)-c1ccc(-c2ncc(-c3scc4nccnc34)c3nsnc23)c2ccccc12,6.854243561181872,14.51767334988335,9.993964326859713,17.65739411556119,3.1397207656778408
c1ccc(-c2ncc(s2)-c2sc(-c3cncc4nsnc34)c3ccoc23)c2nsnc12,6.6935519122747245,10.736137886439773,10.329463556323772,14.37204953048882,3.635911644049047
c1cnc(s1)-c1cc2c3nsnc3c3c(cnc4ccc5cscc5c34)c2c2nsnc12,6.017209344648643,9.0113498842549,9.754457625506118,12.748598165112377,3.737248280857475
c1ncc(s1)-c1ccc(nc1)-c1cnc(-c2scc3occc23)c2nsnc12,6.337280610796201,9.093179477019424,9.87774255106326,12.633641417286483,3.5404619402670594
c1cc2sc3c([se]c4cc(-c5nccc6nsnc56)c5nsnc5c34)c2[se]1,5.254825368233117,8.043704102814905,9.62500261212242,12.413881346704208,4.370177243889303
c1cc2[se]c3c(c2cn1)c1nsnc1c1cc(-c2cccc4=C[SiH2]C=c24)c2nsnc2c31,5.034340807953515,13.995965054334192,9.47376937727253,18.43539362365321,4.439428569319015
c1cnc(-c2cnc(-c3cccc4ccccc34)c3nsnc23)c2nsnc12,7.0150565015218,9.74826693215002,9.95033767255809,12.68354810318631,2.9352811710362907
c1cc2c3c[nH]cc3c3c4ccc(cc4ncc3c2cn1)-c1cncc2nsnc12,5.85333524961317,18.227203677653996,9.094387743889822,21.468256171930644,3.2410524942766523
c1sc(-c2sc(-c3sc(-c4ncncn4)c4cc[se]c34)c3[nH]ccc23)c2nccnc12,5.44200585982025,14.4812580458195,9.608923459204286,18.648175645203537,4.166917599384036
c1cnc2c3sc4cc(sc4c3ccc2c1)-c1cncc2nsnc12,6.704134992796888,8.521605141505857,9.851231767435069,11.668701916144038,3.1470967746381806
c1ccc(s1)-c1ccc(nc1)-c1ccc(-c2cncc3nsnc23)c2nsnc12,6.627808012486343,9.679299768106542,9.730023066633564,12.781514822253763,3.10221505414722
c1cc2ncc3c(oc4cc(-c5cncc6nsnc56)c5cocc5c34)c2o1,5.924267366235089,7.803926953689073,9.599971614194454,11.479631201648438,3.6757042479593647
c1cc2c3nsnc3c3c(c4nsnc4c4cc(-c5nccc6nsnc56)c5cscc5c34)c2s1,5.624895104135614,9.459411608779108,9.536615760331536,13.37113226497503,3.911720656195921
c1cnc(s1)-c1ccc(-c2ccc(cn2)-c2cncc3nsnc23)c2ccccc12,7.029291698411781,10.215565111235234,9.84399957730382,13.030272990127273,2.8147078788920386
c1cc2c3c[nH]cc3c3c4[se]c(cc4c4cocc4c3c2o1)-c1scc2C=C[SiH2]c12,-1.731084313694001,25.408967340273776,3.076718949813421,30.2167706037812,4.807803263507422
c1ccc([se]1)-c1sc(-c2sc(-c3scc4cc[se]c34)c3nccnc23)c2nccnc12,4.780703129522588,17.621450176986365,9.03581328473789,21.876560332201667,4.255110155215301
[nH]1ccc2c3nsnc3c3cc(-c4ncncn4)c4nsnc4c3c12,5.481841457055377,6.926683564306242,9.072085308616634,10.5169274158675,3.590243851561257
c1cnc(s1)-c1cnc(-c2sc(-c3scc4[SiH2]ccc34)c3sccc23)c2nsnc12,5.609646330574909,12.824774379796958,9.925277286390024,17.140405335612073,4.315630955815115
C1C=Cc2[se]c3cc(-c4ccccc4)c4ccccc4c3c12,4.064512105809261,22.770397301876564,7.011347351107905,25.717232547175207,2.946835245298645
c1sc(C2=Cc3oc4c(cnc5ccncc45)c3[SiH2]2)c2[se]ccc12,1.308309354495513,22.961510342254,5.72902869694707,27.38222968470556,4.420719342451557
[nH]1c(cc2[se]c3c4ccccc4oc3c12)-c1scc2C=CCc12,-3.59024913097646,28.86334700190329,0.2336966620642629,32.68729279494401,3.823945793040723
c1ccc(cn1)-c1ccc(s1)-c1ccc(-c2ncncn2)c2nsnc12,7.157073142766302,8.853321450834068,10.05255647838381,11.748804786451576,2.895483335617508
c1ncc(-c2cnc3c(c2)c2nsnc2c2c3ncc3ccc4=C[SiH2]C=c4c23)c2nsnc12,5.634990522592855,11.001872437234912,9.805760239319646,15.172642153961704,4.170769716726792
[nH]1c2cc(ncc2c2sc3ccncc3c12)-c1cncc2nsnc12,6.171132987867235,8.737759132348447,9.458458070197723,12.025084214678936,3.2873250823304883
c1ccc(-c2cc3cnc4c(ncc5ccc6=C[SiH2]C=c6c45)c3cn2)c2cscc12,-2.846475832950646,28.15411060099041,0.9414166613260068,31.942003095267065,3.7878924942766528
C1C=Cc2c1c1oc3cc(-c4nccc5nsnc45)c4ccccc4c3c1c1ccccc21,0.0699919520842393,27.024288170573925,3.1695392911886526,30.12383550967834,3.0995473391044133
c1cc2c3cscc3c3c4[se]c(cc4ncc3c2[se]1)-c1nccc2nsnc12,5.836223451631932,15.242771914434664,10.138977150140748,19.54552561294348,4.302753698508816
c1cc2[se]c3c4CC(=Cc4ccc3c2cn1)c1cncc2nsnc12,5.465523437644656,7.262719683577409,9.25185836612899,11.049054612061743,3.786334928484335
c1ncc(s1)-c1Cc(cc1)-c1cnc(-c2scc3[se]ccc23)c2nsnc12,5.265555531037819,12.23661391858564,9.54033790313225,16.51139629068007,4.274782372094432
c1cc2c3nsnc3c3c4[se]c(cc4c4=C[SiH2]C=c4c3c2s1)-c1ccccn1,3.464750544172553,19.96017109356553,7.854355891033018,24.349776440426,4.389605346860465
c1cnc(-c2cc3oc4c(cnc5ccc6cscc6c45)c3c3cocc23)c2nsnc12,5.6963772065557325,9.486701293485757,9.343562025874746,13.133886112804769,3.6471848193190137
[nH]1c(cc2ccc3c4ncccc4c4=CCC=c4c3c12)-c1cncc2nsnc12,6.429432883942283,13.839647885310509,9.989616638354756,17.39983163972298,3.5601837544124724
c1ccc(-c2ccc(cn2)-c2ccc([se]2)-c2cncc3nsnc23)c2c[SiH2]cc12,5.138653327842363,17.92303669028408,9.270888541140776,22.05527190358249,4.132235213298413
c1ccc2c(c1)sc1c2ccc2cc(-c3cncc4nsnc34)c3nsnc3c12,5.570638277366645,7.247828516272604,8.761529193582831,10.43871943248879,3.190890916216186
c1ccc(cn1)-c1sc(-c2ncc(-c3nccc4nsnc34)c3nsnc23)c2cc[nH]c12,6.000464632519829,12.198886719935205,9.603382144146536,15.80180423156191,3.602917511626707
c1cnc(-c2cc3cnc4c(c5cscc5c5ccc6cscc6c45)c3o2)c2nsnc12,6.594050932965962,13.000295484956467,10.252752579208051,16.658997131198557,3.6587016462420894
c1cnc(-c2cnc3c(ccc4c3cnc3ccc5nsnc5c43)c2)c2nsnc12,7.435593145977473,11.44715298663795,10.615776409484894,14.62733625014537,3.1801832635074216
c1sc(-c2ccc(o2)-c2cnc(-c3nccc4nsnc34)c3nsnc23)c2[se]ccc12,6.567686774521533,12.291505862950132,10.546094200208298,16.269913288636896,3.9784074256867648
c1ccc(-c2sc(c3Cccc23)-c2ncc(-c3ncncn3)c3nsnc23)c2cocc12,6.829548685727643,10.746777449716811,10.65610465889281,14.573333422881978,3.826555973165167
[nH]1ccc2[se]c3c(c12)c1ccccc1c1cc(-c2scc4nccnc24)c2=CCC=c2c31,-0.8081972358705132,26.05459420714375,3.1233169103715763,29.98610835338584,3.9315141462420895
c1sc(-c2sc(c3Cccc23)-c2ccc(-c3ncncn3)c3nsnc23)c2nccnc12,6.676567850150381,12.777565296878096,10.416748342546317,16.51774578927403,3.740180492395936
c1cc2c3nsnc3c3c4cnc(cc4c4cscc4c3c2cn1)-c1cncc2nsnc12,6.661444317031236,9.744381194587282,10.296850397394392,13.379787274950438,3.635406080363156
[SiH2]1C=Cc2c1c1oc3cc(-c4ncncn4)c4nsnc4c3c1c1nsnc21,4.214557130858591,5.757860213496377,8.589104785411363,10.13240786804915,4.374547654552773
c1cnc(s1)-c1ncc(-c2sc(-c3scc4ccsc34)c3ccsc23)c2nsnc12,6.257124293697551,13.998935188701278,10.022852172589587,17.764663067593315,3.765727878892037
c1sc(-c2sc(-c3ccc(nc3)-c3nccc4nsnc34)c3sccc23)c2nccnc12,6.872683590678063,11.964481065641577,10.396305909997077,15.488103384960588,3.523622319319013
c1ccc(s1)-c1[SiH2]c(cc1)-c1cnc(-c2cncc3nsnc23)c2nsnc12,6.344695535171143,11.97511196576042,10.415160222690949,16.045576653280225,4.070464687519806
c1ccc([se]1)-c1ncc(-c2ccc(-c3scc4[SiH2]ccc34)c3nsnc23)c2nsnc12,5.165756428895543,10.541891168406062,9.62953407790737,15.00566881741789,4.463777649011828
c1cc2c(c3cocc13)c1oc3cc([se]c3c1c1=C[SiH2]C=c21)-c1cncc2nsnc12,4.656731479512306,16.001739757791196,9.291178607432322,20.63618688571121,4.634447127920016
c1ccc(o1)-c1cnc(-c2ccc([se]2)-c2cccnc2)c2nsnc12,6.942202125984259,9.389753140541323,10.322233669853208,12.769784684410272,3.3800315438689497
c1Cc(cc1)-c1sc(-c2ccc(-c3scc4nccnc34)c3ccccc23)c2ccoc12,4.489634989542508,20.639133308987205,7.904345770399983,24.05384408984468,3.414710780857475
c1sc(-c2sc(-c3ccc(nc3)-c3cccnc3)c3nccnc23)c2ccsc12,6.865822511280725,12.574857309283663,9.98944340097171,15.69847819897465,3.1236208896909856
c1ccc(s1)-c1sc(c2Cccc12)-c1sc(-c2nccc3nsnc23)c2nccnc12,6.076630990169626,15.575275774754846,9.73587265903257,19.23451744361779,3.659241668862944
c1sc(-c2ncc(s2)-c2cnc(-c3scc4[se]ccc34)c3nsnc23)c2ccoc12,6.290590014009088,11.628693666893016,10.500614815978048,15.838718468861977,4.21002480196896
c1cnc(-c2sc(-c3sc(-c4ncncn4)c4ccoc34)c3[nH]ccc23)c2nsnc12,6.481972579869247,11.92618308725682,10.34351995592822,15.787730463315794,3.861547376058974
c1ncc(s1)-c1cnc(-c2sc(-c3cccc4cCcc34)c3nccnc23)c2nsnc12,6.083109329335201,15.277970819659467,9.9267032832696,19.121564773593867,3.8435939539343984
c1cc2c3nsnc3c3c4sc(cc4sc3c2s1)-c1nccc2nsnc12,5.093578503170105,6.168252671962381,8.760936943640605,9.83561111243288,3.6673584404705
c1cc2oc3cc4cc(cnc4cc3c2c2nsnc12)-c1cncc2nsnc12,6.527835303706859,9.253937995967329,9.790344257058324,12.516446949318793,3.262508953351465
c1sc(c2[SiH2]ccc12)-c1ccc(-c2ncc(s2)-c2cncc3nsnc23)c2cscc12,5.819779228224631,11.305672162619455,10.022089383439932,15.507982317834758,4.202310155215301
[nH]1c(cc2cc3c4nsnc4c4ccc5cocc5c4c3cc12)-c1nccc2nsnc12,6.776353279510747,12.005465426649288,10.336957810368222,15.566069957506762,3.560604530857475
c1ccc([se]1)-c1ccc([se]1)-c1ccc(-c2cncc3nsnc23)c2nsnc12,6.469488794722075,11.479825329907928,10.49285348224188,15.503190017427734,4.0233646875198055
[nH]1ccc2[se]c3c4[nH]c(cc4c4nsnc4c3c12)-c1cncc2nsnc12,5.640539169991606,11.596267678750134,9.774586499350995,15.730315008109525,4.134047329359389
c1cnc(s1)-c1sc(-c2ncc(s2)-c2ncncn2)c2cc[se]c12,5.744754433286776,6.568958247672748,9.6081295449691,10.432333359355074,3.863375111682325
c1ccc([se]1)-c1ccc(cc1)-c1cnc(-c2nccc3nsnc23)c2nsnc12,7.059781213096089,9.679756196657216,10.557291227455512,13.177266211016638,3.497510014359422
c1cc2ccc3c4[se]c(cc4c4cocc4c3c2c2cocc12)-c1cncc2nsnc12,6.362517381498232,11.367449644327843,10.372084893124937,15.37701715595455,4.009567511626705
c1cc2c3cscc3c3c4cnc(cc4c4=C[SiH2]C=c4c3c2cn1)-c1cncc2nsnc12,5.814658003292122,12.145811566537397,9.921585761976957,16.25273932522223,4.106927758684835
c1ccc2c(c1)c1nsnc1c1c3ccc(cc3cnc21)-c1cncc2nsnc12,6.37208325349623,8.352251113417426,9.494281901619036,11.474449761540232,3.122198648122806
c1ncc(s1)-c1cnc(s1)-c1sc(-c2ncncn2)c2cc[se]c12,5.363934886422827,5.388975746620579,9.377904228874383,9.402945089072135,4.013969342451556
c1sc(-c2cnc(s2)-c2cnc(-c3scc4sccc34)c3nsnc23)c2sccc12,6.481354030152589,12.786529479360135,10.293843447506164,16.599018896713712,3.812489417353575
C1C=Cc2cc3c4nsnc4c4cc(-c5ncncn5)c5nsnc5c4c3cc12,5.116287666361821,6.652736772658859,8.804234815999758,10.340683922296796,3.687947149637937
[nH]1ccc2ncc3c4cnc(cc4cnc3c12)-c1cncc2nsnc12,7.217632159155227,11.198564573864267,10.550765790630722,14.531698205339763,3.333133631475495
c1ncc(s1)-c1ccc(cn1)-c1ncc(-c2cccc3ccccc23)c2nsnc12,6.306786207169932,8.407926000375705,9.178983316831198,11.280123110036971,2.872197109661266
c1sc(-c2ccc(nc2)-c2cnc(-c3cccc4nsnc34)c3nsnc23)c2ccsc12,6.937421203580194,11.852373816323327,10.35629592674536,15.271248539488496,3.4188747231651666
c1ccc(nc1)-c1sc(-c2ncc(-c3cccc4cocc34)c3nsnc23)c2nccnc12,6.2029789038177805,16.550050337752044,9.63686890026485,19.983940334199115,3.4338899964470704
C1C=Cc2c1c1ncc3cc(oc3c1c1cscc21)-c1cncc2nsnc12,6.629669448070999,11.641017787240015,10.42909897075564,15.440447309924656,3.79942952268464
[nH]1c2cc(oc2c2oc3ccc4=CCC=c4c3c12)-c1scc2[se]ccc12,0.2815893499964526,24.449016417865323,4.559339549519284,28.726766617388154,4.277750199522831
c1ccc(-c2ccc(cc2)-c2ncc(-c3ncncn3)c3nsnc23)c2c[nH]cc12,6.653458920104405,16.358343457076906,9.768125260534903,19.473009797507405,3.1146663404304986
c1ccc2c(c1)[se]c1c3[se]c(cc3c3ccccc3c21)-c1cncc2nsnc12,6.254718302722663,9.086348301577807,9.93314343644548,12.764773435300626,3.6784251337228167
c1ccc(cn1)-c1ncc(-c2sc(-c3cccc4c[SiH2]cc34)c3[se]ccc23)c2nsnc12,4.908305965321258,15.271545752136284,9.187269150024887,19.550508936839915,4.278963184703629
c1cc2[se]c3c(ncc4cc(-c5ncncn5)c5nsnc5c34)c2[se]1,5.187184471280384,5.437585516336135,9.42056186130318,9.67096290635893,4.233377390022795
c1ccc(-c2sc(-c3ccc([se]3)-c3nccc4nsnc34)c3nccnc23)c2cscc12,6.48749362032191,14.645300095493644,10.26411978579477,18.421926260966504,3.77662616547286
c1cc2sc3c(c4cscc4c4cc(ncc34)-c3cncc4nsnc34)c2[se]1,5.676267789499268,8.269075239973223,9.646136872623469,12.238944323097424,3.969869083124201
c1cnc2c(c1)[se]c1c3ccc(cc3[se]c21)-c1cncc2nsnc12,5.547049133976811,8.294649196963826,9.347964985538068,12.095565048525083,3.800915851561257
c1ccc(o1)-c1sc(-c2cnc(s2)-c2scc3nccnc23)c2nccnc12,6.716773259449524,12.750970082719846,10.105965968947352,16.140162792217673,3.389192709497828
c1sc(-c2ccc(s2)-c2ncc(-c3scc4[se]ccc34)c3nsnc23)c2ccsc12,5.510071877575831,13.681561220280436,9.565955141083252,17.737444483787858,4.055883263507422
c1sc(c2C=CCc12)-c1cc2cnc3c(oc4ccc5c[nH]cc5c34)c2c2ccccc12,-2.969828147858607,28.372983483659063,0.5169893637680996,31.859800995285774,3.4868175116267066
c1cnc(-c2cc3cnc4c([se]c5ccc6=C[SiH2]C=c6c45)c3o2)c2nsnc12,5.157122204441427,15.494557873876076,9.5913698589942,19.92880552842885,4.434247654552774
c1cc2cnc3c(ncc4cc(-c5nccc6nsnc56)c5cscc5c34)c2[se]1,5.7425250787987006,11.571870906140887,9.668232971142206,15.497578798484394,3.925707892343506
[nH]1c2cc([se]c2c2[se]c3ccc4c[nH]cc4c3c12)-c1cccnc1,-3.186387790892196,28.024045430181847,0.922039243867053,32.132472464941095,4.108427034759249
c1sc(-c2cnc(-c3ccc(s3)-c3ccccn3)c3nsnc23)c2ccsc12,6.377765090477721,12.243091612150458,9.659028679096428,15.524355200769165,3.2812635886187067
c1cc2oc3cc4cc(sc4cc3c2cn1)-c1nccc2nsnc12,6.568210535519897,7.576276789613997,9.639112848619616,10.647179102713716,3.070902313099719
c1ccc(s1)-c1sc(-c2ccc(-c3nccc4nsnc34)c3nsnc23)c2ccsc12,6.080054036930127,13.813514464318036,9.510186524651632,17.24364695203954,3.4301324877215045
c1cnc(s1)-c1cnc2c(c1)c1cscc1c1c3c4c[nH]cc4ccc3c3ccccc3c21,-2.516013648010924,28.75231298828236,0.6812162085760067,31.94954284486929,3.1972298565869304
[nH]1c(ccc1-c1cnc(-c2scc3cc[se]c23)c2nsnc12)-c1nccs1,5.633617324689787,13.419325512348156,9.632746705331227,17.418454892989597,3.99912938064144
c1ccc(-c2ccc(-c3ncc(s3)-c3nccc4nsnc34)c3ccccc23)c2nsnc12,5.844146973417313,8.073079367612007,8.900076130703544,11.129008524898238,3.055929157286231
c1cc2cc3[se]c4cc([se]c4c3cc2s1)-c1scc2nccnc12,5.909498749432382,11.552377711227107,9.985466168807015,15.62834513060174,4.075967419374633
c1cc2ccc3c4ncc(cc4[se]c3c2c2cocc12)-c1cncc2nsnc12,6.138325376744291,8.19820342194556,9.893860855294694,11.953738900495964,3.755535478550403
c1cnc2c(c1)c1nsnc1c1c2ccc2cc(cnc12)-c1nccc2nsnc12,6.611717417962622,12.96874190643339,9.810112989162352,16.16713747763312,3.19839557119973
c1sc(-c2cnc(-c3sc(-c4cncc5nsnc45)c4ccsc34)c3nsnc23)c2ccCc12,6.398014779194342,13.432048322430312,10.500942025463512,17.534975568699483,4.102927246269171
c1cc2c3cscc3c3c4sc(cc4[se]c3c2c2cocc12)-c1cncc2nsnc12,5.819278779466197,11.65891258580896,9.906396378850232,15.746030185192996,4.087117599384035
[nH]1c2cc([se]c2c2sc3ccccc3c12)-c1nccc2nsnc12,-2.28427625770224,28.31182050053722,1.2603430847493178,31.856439842988777,3.5446193424515577
c1Cc(cc1)-c1sc(-c2ncc(s2)-c2nccc3nsnc23)c2nccnc12,6.7351879717574565,12.29413969116614,10.390319142793746,15.949270862202429,3.65513117103629
c1sc(-c2ccc([se]2)-c2[SiH2]c(cc2)-c2nccc3nsnc23)c2nccnc12,5.498742773460408,13.891853618628891,9.859414603837356,18.25252544900584,4.3606718303769485
c1cc2ncc3c4oc(cc4c4cocc4c3c2[se]1)-c1nccc2nsnc12,4.6293351524002,6.094368840171233,8.619459180579346,10.08449286835038,3.990124028179146
c1sc(-c2[SiH2]c(cc2)-c2cnc(-c3scc4nccnc34)c3nsnc23)c2[SiH2]ccc12,3.8663278414473137,16.947313867697623,8.68687025472713,21.76785628097744,4.820542413279817
[nH]1ccc2ncc3c(oc4cc(-c5cncc6nsnc56)c5nsnc5c34)c12,6.258944040930164,8.897481926891746,9.9092290581203,12.547766944081882,3.650285017190136
[nH]1c(ccc1-c1scc2[SiH2]ccc12)-c1cnc(s1)-c1cncc2nsnc12,5.921432073889938,13.354164053991711,10.159588804958728,17.592320785060505,4.23815673106879
c1cc2cc3cnc4cc(ccc4c3cc2[se]1)-c1scc2C=CCc12,-1.194781330003392,27.172193664358865,2.44514067540402,30.81211566976628,3.639922005407412
c1sc(-c2cnc(s2)-c2cnc(-c3ccccc3)c3nsnc23)c2cc[se]c12,7.143921227563496,11.765726808759425,10.729236464533852,15.35104204572978,3.585315236970356
c1cc2c3cscc3c3c4[se]c(cc4c4=C[SiH2]C=c4c3c2s1)-c1nccc2nsnc12,4.360456917673912,16.167739788983507,8.911507023261422,20.718789894571017,4.551050105587509
c1cnc2c3[se]c4cc(ncc4c3ccc2c1)-c1cncc2nsnc12,5.711479691894118,8.422836024654213,9.17243462514476,11.883790957904855,3.460954933250642
c1cc2ncc3c4ncc(cc4c4cscc4c3c2c2nsnc12)-c1cncc2nsnc12,6.912728770687954,9.898773127277822,10.458758627274884,13.444802983864752,3.54602985658693
c1cnc2c(c1)sc1c2ccc2cc(sc12)-c1nccc2nsnc12,5.722516026984387,6.827329650443147,8.796228186237952,9.901041809696713,3.073712159253565
c1ccc([se]1)-c1sc(-c2ccc(-c3scc4sccc34)c3nsnc23)c2nccnc12,5.6752230845274285,15.507500827378802,9.539739195077717,19.37201693792909,3.864516110550288
c1sc(c2[SiH2]C=Cc12)-c1cnc2c(c1)sc1c2[se]c2ccc3c[nH]cc3c12,1.4157298133883032,22.33014717440392,6.003826715397265,26.91824407641288,4.588096902008962
c1ccc(cn1)-c1sc(-c2cnc(s2)-c2cccc3nsnc23)c2nccnc12,7.510581716955111,12.005102017884024,10.626116134497556,15.12063643542647,3.1155344175424453
c1sc(-c2cnc(s2)-c2Cc(cc2)-c2nccc3nsnc23)c2cc[se]c12,5.54769946175961,11.35691656804729,9.67771260308481,15.48692970937249,4.1300131413252
[nH]1c(cc2sc3c(c4nsnc4c4ccc5ccccc5c34)c12)-c1cncc2nsnc12,6.1897828629811205,10.18773794682788,9.658659509223211,13.65661459306997,3.468876646242091
c1[SiH2]c(cc1)-c1cnc(s1)-c1ncc(-c2ccccn2)c2nsnc12,6.313195894054174,11.43494943874554,10.209303130230817,15.331056674922184,3.8961072361766425
[nH]1c(cc2ncc3c(c4cscc4c4ccc5cocc5c34)c12)-c1nccc2nsnc12,6.527349829756622,12.65031684760512,10.215245225998713,16.33821224384721,3.687895396242091
c1cc2c3cscc3c3c4oc(cc4c4=C[SiH2]C=c4c3c2[se]1)-c1scc2[SiH2]C=Cc12,2.0330725795130027,20.484850043353863,7.246945073789655,25.69872253763052,5.213872494276652
[nH]1c(cc2c3cscc3c3c4CC=Cc4[se]c3c12)-c1ccc[se]1,3.909094902923071,18.672639137033627,8.359147719375166,23.122691953485724,4.450052816452095
c1cc2sc3c4cnc(cc4oc3c2s1)-c1cncc2nsnc12,5.697453225124809,7.09970527210657,9.166080259884058,10.56833230686582,3.4686270347592494
[nH]1ccc2cnc3cc4cc(oc4cc3c12)-c1cncc2nsnc12,6.574490649018798,12.669899129249028,9.761720962118517,15.857129442348748,3.187230313099719
c1sc(-c2cc3cnc4c5cnccc5cnc4c3s2)c2nccnc12,6.787709377331753,13.446223734443686,10.050319931884172,16.708834288996105,3.2626105545524187
[nH]1c2C=CCc2c2[se]c3cc(-c4scc5[se]ccc45)c4c[nH]cc4c3c12,-0.4040594892513693,24.238003709143733,4.302903728022943,28.944966926418044,4.706963217274312
c1ccc2c(c1)[se]c1c2cnc2cc(sc12)-c1nccc2nsnc12,5.942702351804229,6.733234660367566,9.33808835721164,10.128620665774978,3.395386005407412
c1cc2sc3c4sc(cc4c4nsnc4c3c2c2cscc12)-c1nccc2nsnc12,6.193603627516973,9.993336225444994,9.915115767843936,13.714848365771957,3.721512140326963
c1cnc(-c2cc3oc4c(ncc5ccc6ccccc6c45)c3c3nsnc23)c2nsnc12,6.373969363574945,9.385915060310891,9.672013206175862,12.683958902911808,3.298043842600917
c1ccc2c(c1)c1nsnc1c1c3sc(cc3cnc21)-c1nccc2nsnc12,5.970243928584797,6.965614403743025,9.314028213501247,10.309398688659476,3.3437842849164507
c1cc2oc3c(cnc4cc(-c5cncc6nsnc56)c5nsnc5c34)c2c2ccccc12,5.2812090945130565,6.815779249916012,8.608581608442645,10.1431517638456,3.327372513929588
c1ccc(cn1)-c1sc(-c2ncc(s2)-c2nccc3nsnc23)c2occc12,6.2555952837819415,8.473647159041704,9.650034696576473,11.868086571836235,3.394439412794531
c1cnc(s1)-c1ncc(-c2Cc(cc2)-c2scc3sccc23)c2nsnc12,6.63852478817221,13.771512188717196,10.399421690181171,17.53240909072616,3.7608969020089615
c1cc2ccc3c4ncc(cc4c4ccccc4c3c2cn1)-c1nccc2nsnc12,6.913655323729675,11.366922685737125,9.737141657605028,14.190409019612474,2.823486333875352
c1cc2c(cn1)c1[se]c3cc(-c4cncc5nsnc45)c4cscc4c3c1c1=CCC=c21,5.494818365790333,8.083480387757387,9.70465606972473,12.293318091691786,4.209837703934398
c1ncc(s1)-c1ccc(cn1)-c1sc(-c2scc3sccc23)c2nccnc12,6.936787260630627,12.098084766410327,10.36322447562296,15.524521981402662,3.426437214992333
c1ccc(s1)-c1sc(-c2sc(-c3ncncn3)c3[nH]ccc23)c2nccnc12,6.294162701563399,14.306768462108488,9.74240266380848,17.75500842435357,3.448239962245081
c1ccc(-c2ccc(-c3ccc([se]3)-c3cncc4nsnc34)c3cscc23)c2nsnc12,6.488781645969039,12.98434179168796,10.245899157595744,16.741459303314667,3.7571175116267055
c1ccc(o1)-c1ccc(-c2sc(-c3scc4nccnc34)c3cc[nH]c23)c2nsnc12,3.221283804256651,22.538648230239687,6.744623239868974,26.06198766585201,3.523339435612323
c1ncc(-c2ccc(s2)-c2ccc(-c3cncc4nsnc34)c3cocc23)c2nsnc12,6.740540043984032,11.367284667478067,10.371168613303045,14.997913236797082,3.630628569319013
c1sc(-c2sc(-c3Cc(cc3)-c3cncc4nsnc34)c3cc[se]c23)c2nccnc12,5.768862976225003,14.665503749167016,10.016671890745515,18.913312663687528,4.247808914520512
c1cc2[se]c3c(cnc4cc(-c5nccc6nsnc56)c5nsnc5c34)c2[se]1,5.437434393173072,7.469753715008645,9.64650567409947,11.678824995935043,4.209071280926398
c1sc(-c2cc3cc4oc5cccnc5c4cc3[se]2)c2nccnc12,6.374228902136676,9.427571557461334,9.95411213831332,13.00745479363798,3.579883236176644
c1cc2ccc3c(ncc4cc(-c5cncc6nsnc56)c5cocc5c34)c2o1,6.044473004512756,9.86263732315787,9.525167103752814,13.34333142239793,3.4806940992400586
c1ncc(s1)-c1ccc(nc1)-c1cnc(-c2scc3cc[se]c23)c2nsnc12,6.301683669454613,10.208212147270936,10.177105499831562,14.083633977647883,3.8754218303769488
[nH]1c(ccc1-c1cnc(-c2scc3nccnc23)c2nsnc12)-c1scc2ccCc12,5.2666267551192085,17.75463064067595,9.19079150090523,21.67879538646197,3.9241647457860207
c1cc2cnc3c4c5nsnc5c(cc4c4cscc4c3c2c2nsnc12)-c1ncncn1,5.588077207291583,8.072858360743952,9.300158812130263,11.784939965582632,3.71208160483868
c1ncc(s1)-c1cnc(-c2ccc(-c3scc4[se]ccc34)c3cscc23)c2nsnc12,6.371412476950502,12.190800900980054,10.408030324473495,16.227418748503048,4.036617847522994
c1ncc(s1)-c1sc(-c2sc(-c3cncs3)c3nccnc23)c2[nH]ccc12,5.803984237188404,14.85810156745558,9.514920455436682,18.56903778570386,3.7109362182482784
c1ccc(-c2cc3ccc4c(oc5ccc6cscc6c45)c3c3nsnc23)c2nsnc12,3.663085553847009,22.505456397919627,7.029601623166022,25.87197246723864,3.366516069319013
c1sc(-c2ccc(nc2)-c2cnc(-c3cccnc3)c3nsnc23)c2sccc12,6.723583423561449,11.083223273587278,9.92685948566623,14.286499335692058,3.2032760621047807
c1ccc(-c2ccc([se]2)-c2ncc(s2)-c2cncc3nsnc23)c2cCcc12,5.3657060271542125,14.644284132272416,9.329873461926766,18.60845156704497,3.9641674347725537
c1sc(-c2cc3c4nsnc4c4c(oc5ccc6nsnc6c45)c3c3nsnc23)c2cc[se]c12,5.283073531767526,10.414694184383404,9.549332452244842,14.68095310486072,4.266258920477316
c1cc2c(s1)c1[se]c3C=C([SiH2]c3c1c1=CCC=c21)c1cccc2nsnc12,-0.0198665365557024,24.20965166221335,4.4958919039147975,28.72541010268385,4.5157584404705
c1ccc(-c2cnc(s2)-c2sc(-c3cncc4nsnc34)c3cc[se]c23)c2cocc12,6.273532069608624,12.428764681072304,10.285268527553454,16.440501139017133,4.01173645794483
c1ccc(nc1)-c1sc(c2Cccc12)-c1ccc(nc1)-c1cncc2nsnc12,6.091309755386529,9.614211705200324,9.440272820143829,12.963174769957623,3.3489630647572994
[nH]1cccc1-c1sc(-c2cnc(-c3cccc4nsnc34)c3nsnc23)c2nccnc12,6.093759692994219,14.41491448266646,9.650950281544002,17.972105071216244,3.5571905885497834
c1cc2c3nsnc3c3c4cnc(cc4c4nsnc4c3c2cn1)-c1cccc2nsnc12,5.718038665567077,8.710664729380374,9.241892298377785,12.234518362191082,3.523853632810708
c1cc2[se]c3c(c2s1)c1ccccc1c1cc(-c2cncc4nsnc24)c2nsnc2c31,6.083627708216037,8.370003565640216,9.82959329676582,12.11596915419,3.745965588549783
c1cnc(-c2Cc(cc2)-c2sc(-c3ncncn3)c3cc[SiH2]c23)c2nsnc12,5.299372656084548,7.656877244461671,9.666964266681276,12.0244688550584,4.367591610596729
c1ccc(cc1)-c1cc2cnc3c4ccccc4[se]c3c2c2nsnc12,5.1556891992996565,20.94599937009537,8.240710404739648,24.031020575535365,3.0850212054399915
[nH]1c(ccc1-c1ncc(-c2scc3[SiH2]ccc23)c2nsnc12)-c1nccc2nsnc12,5.318481407480391,11.056370184189769,9.629949875350778,15.367838652060154,4.311468467870387
c1sc(-c2ccc(s2)-c2sc(-c3nccc4nsnc34)c3cc[se]c23)c2nccnc12,6.092821458604504,13.492137623642426,10.049468090246604,17.448784255284526,3.9566466316421
[nH]1c2cc(ccc2c2[se]c3ccncc3c12)-c1ncncn1,4.875074031763422,20.54376464690716,8.181829556782347,23.85052017192608,3.306755525018925
c1ncc(-c2cc3oc4c(ccc5ccc6=C[SiH2]C=c6c45)c3c3nsnc23)c2nsnc12,5.586656221680811,13.401263559027338,9.678203060230594,17.49281039757712,4.091546838549783
c1cnc(-c2cc3ncc4c(c5c[nH]cc5c5ccc6nsnc6c45)c3[se]2)c2nsnc12,6.2335200238106925,12.782160085683124,10.274363977745091,16.823004039617523,4.040843953934399
c1ccc([se]1)-c1sc(-c2ncc(-c3cccnc3)c3nsnc23)c2cc[se]c12,5.687165906759104,11.846963573272689,9.7377415832899,15.897539249803485,4.050575676530796
c1sc(-c2sc(-c3ncc(s3)-c3cncc4nsnc34)c3[SiH2]ccc23)c2cc[se]c12,5.697751500320052,12.596834186896496,10.39630860998132,17.295391296557764,4.698557109661268
c1sc(-c2sc(-c3cnc(s3)-c3nccc4nsnc34)c3cc[SiH2]c23)c2ccoc12,5.776488438416735,11.168937021971972,10.106960932693386,15.499409516248624,4.330472494276652
c1cnc(s1)-c1ncc(-c2Cc(cc2)-c2scc3occc23)c2nsnc12,5.805443117652009,13.536576282414012,9.61086138718234,17.341994551944342,3.80541826953033
c1sc(-c2cnc3c4sc5ccncc5c4cnc3c2)c2nccnc12,6.914570114872922,10.789126011775998,10.118070018537766,13.992625915440843,3.203499903664844
c1ncc(s1)-c1ccc(cc1)-c1sc(-c2cncc3nsnc23)c2ccoc12,6.367717394260676,9.970805792108738,9.739430982879382,13.342519380727444,3.371713588618705
c1ncc(s1)-c1sc(-c2cnc(s2)-c2ncncn2)c2Cccc12,4.358908245070035,4.887462080559191,8.075537202906208,8.604091038395364,3.716628957836173
c1cnc(-c2sc(-c3ccc(-c4ncncn4)c4ccccc34)c3occc23)c2nsnc12,6.551904314360645,9.073644712136216,9.853504800318206,12.375245198093776,3.301600485957561
c1cc2ncc3c4sc(cc4c4cscc4c3c2s1)-c1nccc2nsnc12,5.404798484516815,7.081840239366225,8.810997237970687,10.488038992820098,3.4061987534538725
c1ccc2c(c1)ncc1c3ncc(cc3c3ccccc3c21)-c1nccc2nsnc12,6.886963192276957,14.56051683349299,9.646215282976128,17.31976892419216,2.759252090699171
c1cnc2c(c1)c1cscc1c1c3CC(=Cc3cnc21)c1nccc2nsnc12,6.415459055720564,12.929793929193352,9.991898513050808,16.506233386523597,3.5764394573302445
c1cc2sc3c(c2cn1)c1=CCC=c1c1cc(ncc31)-c1nccc2nsnc12,6.136669058841955,10.500337977354953,9.790425757551509,14.154094676064506,3.653756698709554
[nH]1c(cc2Cc3cc4cccnc4cc3-c12)-c1cccc2nsnc12,2.886236634242669,24.354783228873927,5.821950639650081,27.29049723428134,2.935714005407412
c1cc2cc3ncc4C=C(Cc4c3cc2cn1)c1cncc2nsnc12,6.964440942912431,9.453840913398032,10.30917871639976,12.798578686885362,3.3447377734873287
c1Cc(cc1)-c1ccc(s1)-c1sc(-c2ncncn2)c2nccnc12,7.234217237302108,13.388379086370986,10.672345396555674,16.82650724562455,3.4381281592535657
c1cc2cc3cc4oc(cc4cc3cc2[se]1)-c1cncc2nsnc12,6.8989360980683525,12.781181495883509,10.516695026552688,16.398940424367844,3.617758928484335
c1ccc(o1)-c1cc2c3nsnc3c3c(c4nsnc4c4ccc5=CCC=c5c34)c2[se]1,4.086053534816932,17.971813693133967,8.349294211124045,22.23505436944108,4.263240676307113
c1sc(-c2cc3c([se]2)c2c4cocc4c4ccncc4c2c2ccccc32)c2nccnc12,5.98146167232461,11.676074690120014,9.676175444995456,15.37078846279086,3.694713772670847
c1cc2c3cocc3c3cc(-c4cncc5nsnc45)c4nsnc4c3c2s1,5.542114289267086,8.215630546615547,9.238276229534144,11.911792486882606,3.696161940267058
c1ncc(s1)-c1sc(c2[SiH2]ccc12)-c1ncc(-c2scc3cc[se]c23)c2nsnc12,5.125283876546909,11.055502434805472,9.9251179092851,15.855336467543664,4.799834032738191
c1sc(-c2sc(-c3ncncn3)c3[nH]ccc23)c2nccnc12,6.134869822142871,11.96143755765358,9.6681808325749,15.494748568085608,3.533311010432028
c1sc(-c2ccc(cn2)-c2ccc(cn2)-c2cncc3nsnc23)c2cc[se]c12,7.063347464015298,11.608915741630758,10.588985860337583,15.134554137953044,3.525638396322286
c1cnc(-c2sc(-c3sc(-c4cncc5nsnc45)c4ccoc34)c3ccCc23)c2nsnc12,6.078909933730779,12.894493689894407,10.15627202162891,16.971855777792538,4.0773620878981305
c1cc2oc3c4[se]c(cc4c4cocc4c3c2c2cocc12)-c1cncc2nsnc12,6.165308762899521,12.85880272851288,10.340861598015566,17.034355563628925,4.175552835116045
c1ncc(s1)-c1cnc(s1)-c1ccc(-c2scc3nccnc23)c2c[SiH2]cc12,5.398856304247445,13.591685476707656,9.497524288470547,17.69035346093076,4.098667984223102
[nH]1c2ccc3nsnc3c2c2ncc3cc(-c4nccc5nsnc45)c4nsnc4c3c12,6.426331897782516,9.075041888345298,10.056741236332298,12.70545122689508,3.630409338549782
C1C=Cc2c1c1ncc3cc(cnc3c1c1ccccc21)-c1nccc2nsnc12,6.556935205864776,13.018440211818572,9.794924623218352,16.256429629172146,3.2379894173535755
[nH]1c2cccnc2c2c1c1[se]c(cc1c1=C[SiH2]C=c21)-c1cncc2nsnc12,5.502164296828738,11.297776930084598,9.938081731601292,15.733694364857152,4.435917434772554
c1ccc([se]1)-c1ncc(-c2ccc(cc2)-c2cccc3nsnc23)c2nsnc12,5.833434580045614,8.32012526717202,9.134580668675593,11.621271355802,3.301146088629979
c1cc2ccc3c4ccc(cc4cnc3c2[se]1)-c1cccc2=CCC=c12,6.9652705569292,15.26262780247402,10.426056851126589,18.72341409667141,3.460786294197389
c1cc2c(o1)c1[se]c3cc(-c4ccccn4)c4cscc4c3c1c1=CCC=c21,0.1307908511275068,25.22550870466332,4.097823121064895,29.192540974600707,3.967032269937388
c1ccc(-c2cnc(-c3ccc(o3)-c3nccc4nsnc34)c3nsnc23)c2c[SiH2]cc12,5.274038759061337,15.995600536538436,9.251455789918811,19.97301756739591,3.9774170308574734
[nH]1c2C=CCc2c2[se]c3cc(ccc3c12)-c1ccc[se]1,1.500093269723342,23.16598847899088,5.75970906511478,27.425604274382312,4.259615795391438
[nH]1c(cc2ccc3c4ccccc4c4=C[SiH2]C=c4c3c12)-c1cncc2nsnc12,5.44272106371919,15.695447225819368,9.192555746513625,19.445281908613804,3.749834682794435
[nH]1c(ccc1-c1ncncn1)-c1ccc(s1)-c1nccc2nsnc12,6.0091685852434376,7.390058468038446,9.309673359881618,10.690563242676626,3.3005047746381804
c1ccc([se]1)-c1sc(-c2sc(-c3cccnc3)c3cc[se]c23)c2nccnc12,5.344828134480564,14.96482827572041,9.325607657165206,18.945607798405053,3.9807795226846414
c1ccc(-c2sc(-c3cnc(s3)-c3cncc4nsnc34)c3[se]ccc23)c2cCcc12,5.273044485851566,15.583392182112002,9.431892606327413,19.74224030258785,4.158848120475847
c1cnc2cc3c(cc2c1)[se]c1cc(-c2cncc4nsnc24)c2ccccc2c31,6.018757497215758,9.65697355070528,9.379205376107794,13.017421429597317,3.360447878892036
c1Cc(cc1)-c1ccc(cn1)-c1ncc(s1)-c1cncc2nsnc12,6.849742698550477,9.710828671614788,10.179745319342503,13.040831292406814,3.330002620792026
c1sc(-c2ncc(-c3cnc(s3)-c3ccccn3)c3nsnc23)c2[se]ccc12,6.060744964826178,10.950079297002858,9.828273938060269,14.71760827023695,3.767528973234091
c1sc(-c2cc3c4nsnc4c4c5ccccc5[se]c4c3c3nsnc23)c2nccnc12,6.695771881874235,13.575194195648685,10.63288939350094,17.51231170727539,3.937117511626706
c1ccc(cn1)-c1ccc(-c2sc(-c3cncc4nsnc34)c3ccsc23)c2cscc12,6.376738028928783,13.11573776293358,9.847071405940104,16.586071139944902,3.470333377011322
c1cc2c3nsnc3c3cc4cc(cnc4cc3c2c2ccccc12)-c1cncc2nsnc12,6.618694375751515,9.067102468814747,9.775459631070458,12.223867724133692,3.156765255318943
c1ncc(s1)-c1cnc2c(c1)c1nsnc1c1c3cnccc3c3nsnc3c21,5.829493960425072,8.291414476353687,9.407499465500674,11.869419981429289,3.578005505075602
c1ccc(-c2sc(-c3cnc(s3)-c3cncc4nsnc34)c3ccCc23)c2c[SiH2]cc12,5.164469690291989,15.61144996107556,9.42577637156188,19.87275664234545,4.261306681269891
c1cc2c3nsnc3c3cc4cc(-c5cncc6nsnc56)c5nsnc5c4cc3c2o1,5.213060407444645,6.194955062657363,8.893600034455966,9.875494689668685,3.6805396270113215
c1ccc(nc1)-c1ccc([se]1)-c1nccc2nsnc12,6.391590371102438,8.95348319326309,9.724097704955414,12.285990527116065,3.332507333852975
c1ccc([se]1)-c1ccc(cn1)-c1sc(-c2cncc3nsnc23)c2[se]ccc12,5.819669440718963,10.5825894667609,9.947429183183823,14.71034920922576,4.12775974246486
[nH]1c(ccc1-c1cncc2nsnc12)-c1ccc(nc1)-c1scc2nccnc12,6.833481995833571,13.406886142082156,10.220456731678404,16.79386087792699,3.386974735844833
c1ccc(nc1)-c1cnc(s1)-c1ncc(-c2cccc3cocc23)c2nsnc12,7.238360563676759,10.563259316819604,10.4747400740574,13.799638827200246,3.236379510380642
c1cnc(s1)-c1ncc(-c2ccc(-c3cccc4cocc34)c3cocc23)c2nsnc12,6.457771043304103,12.874779376605067,9.989222208776962,16.406230542077928,3.531451165472859
c1sc(-c2cc3cc4cnc5ccncc5c4cc3s2)c2nccnc12,7.377086445702107,11.103947481189918,10.484783390787069,14.21164442627488,3.107696945084962
c1Cc(cc1)-c1sc(-c2cnc(s2)-c2cncc3nsnc23)c2ccoc12,6.425639557740299,14.145615526116934,10.19656551957832,17.916541487954955,3.770925961838021
c1cc2cc3c4cscc4c4cc(cnc4c3cc2c2cscc12)-c1cncc2nsnc12,6.353232613447689,10.739862978295893,9.787024707796858,14.17365507264506,3.433792094349169
c1ccc(cn1)-c1cc2c3nsnc3c3ccc4nsnc4c3c2cn1,6.5451488766208765,12.151989852070855,9.637002626439566,15.243843601889544,3.0918537498186893
c1cc2ccc3c([se]c4cc(-c5nccc6nsnc56)c5nsnc5c34)c2cn1,6.367331853176548,8.167458142789334,10.071868923238888,11.871995212851674,3.70453707006234
c1cnc(s1)-c1cc2cnc3cc4cccnc4cc3c2c2nsnc12,6.277441073932351,9.788568436241675,9.3416983740469,12.852825736356223,3.0642573001145488
c1cnc(-c2cc3ncc4c(c5nsnc5c5ccc6=CCC=c6c45)c3s2)c2nsnc12,5.266739223054419,6.977328903552506,9.118275965450357,10.828865645948444,3.851536742395938
c1ccc(nc1)-c1sc(-c2sc(c3[SiH2]ccc23)-c2ncncn2)c2nccnc12,6.035822035219296,10.823302036400438,9.97967952968482,14.76715953086596,3.943857494465523
c1cc2c3nsnc3c3c4cnc(cc4c4nsnc4c3c2o1)-c1nccc2nsnc12,6.284902627870583,11.019611575375295,10.067667254881904,14.802376202386618,3.782764627011321
c1ccc(s1)-c1ccc(-c2ncc(-c3cccnc3)c3nsnc23)c2nsnc12,6.911539143948594,11.652754186478816,9.954032712684674,14.695247755214895,3.04249356873608
c1ncc(-c2cnc3c(cnc4c3c3cocc3c3ccc5=CCC=c5c43)c2)c2nsnc12,5.244726119776842,18.177427842151136,9.097474857482654,22.03017657985695,3.852748737705812
c1sc(-c2cnc(-c3ccc(cn3)-c3cccnc3)c3nsnc23)c2occc12,6.350484037737643,12.95154769755556,9.57250492742863,16.17356858724655,3.222020889690987
c1sc(-c2ccc(s2)-c2sc(-c3scc4nccnc34)c3ccoc23)c2[SiH2]ccc12,4.084202472802337,19.87053553780605,8.321248813232835,24.107581878236545,4.237046340430497
c1ncc(s1)-c1sc(-c2ccc(-c3ncncn3)c3nsnc23)c2cc[nH]c12,6.037249273826008,11.207956495964591,9.651901873433728,14.822609095572313,3.614652599607719
c1ncc(-c2cnc3c(c2)[se]c2c3cnc3ccc4=CCC=c4c23)c2nsnc12,6.25720012761558,9.80857084295666,10.236479903248211,13.78785061858929,3.979279775632632
c1ccc(o1)-c1ccc(-c2cnc(-c3nccc4nsnc34)c3nsnc23)c2cscc12,6.83620940746466,13.216518571914488,10.31980480370675,16.70011396815658,3.483595396242091
c1cnc2c(c1)c1nsnc1c1c3ncc(cc3c3cocc3c21)-c1cncc2nsnc12,6.465288186773318,13.309341494645627,10.133688672730878,16.977741980603188,3.668400485957561
c1cnc(s1)-c1ncc(s1)-c1sc(-c2cncc3nsnc23)c2ccCc12,6.042425679788184,8.420632889948273,9.806676427950991,12.18488363811108,3.764250748162808
C1C=Cc2oc3c(cnc4cc(sc34)-c3cncc4nsnc34)c12,5.605966069176361,7.728882124037989,9.292968103935609,11.415884158797237,3.687002034759248
c1ccc(nc1)-c1sc(-c2cnc(s2)-c2nccc3nsnc23)c2[se]ccc12,6.963136459942525,11.183144030832072,10.679690158451342,14.89969772934089,3.716553698508816
c1cnc2c(c1)[se]c1c3CC(=Cc3oc21)c1cncc2nsnc12,5.628539105551511,7.490026933986433,9.672531524926145,11.534019353361067,4.043992419374634
c1sc(-c2ncc(s2)-c2ccc(s2)-c2nccc3nsnc23)c2ccsc12,6.042968146097951,10.085801460033068,9.501396672038537,13.544229985973653,3.458428525940586
c1[SiH2]c(cc1)-c1ccc(nc1)-c1cnc(-c2nccs2)c2nsnc12,6.7821902794316,11.345488394504535,10.683047669454396,15.246345784527332,3.900857390022797
c1ccc(o1)-c1cnc(-c2Cc(cc2)-c2nccc3nsnc23)c2nsnc12,6.73495995662026,10.72362197496831,10.341126841942264,14.329788860290314,3.606166885322004
c1cc2[se]c3cc(-c4nccc5nsnc45)c4nsnc4c3c2s1,5.495405311030998,8.541349552964695,9.404474653482556,12.450418895416252,3.9090693424515575
c1ccc([se]1)-c1ccc([se]1)-c1ncc(-c2cccc3nsnc23)c2nsnc12,6.447905086661338,10.658582928894775,10.389816477477847,14.600494319711286,3.941911390816509
[nH]1c2C=CCc2c2[se]c3cc(-c4scc5nccnc45)c4=CCC=c4c3c12,1.263475730364827,23.090721202989144,5.702411948613104,27.52965742123742,4.438936218248277
c1sc(-c2ccc([se]2)-c2sc(-c3scc4occc34)c3occc23)c2[SiH2]ccc12,4.606739724217841,17.097669348389687,9.327654513113073,21.81858413728492,4.720914788895231
c1sc(-c2ccc(nc2)-c2cnc(-c3cccnc3)c3nsnc23)c2ccsc12,7.240111530923208,10.82652143468443,10.432474595680509,14.01888449944173,3.1923630647573
c1ccc([se]1)-c1cc2c3nsnc3c3c4cnccc4c4cocc4c3c2c2nsnc12,5.738970080938573,10.677173427225792,9.795829419488356,14.734032765775575,4.056859338549783
c1ccc(-c2ccc(-c3ncc(s3)-c3nccc4nsnc34)c3nsnc23)c2cscc12,6.273419330927297,10.500758168416006,9.683687804092465,13.911026641581174,3.410268473165168
c1cnc(s1)-c1sc(-c2ncc(-c3scc4sccc34)c3nsnc23)c2ccoc12,6.449367151231732,12.893981392455114,10.268728876277615,16.713343117500997,3.819361725045884
[nH]1cccc1-c1ncc(-c2ncc(s2)-c2ccccn2)c2nsnc12,6.548574915892441,9.755114624638178,9.710799075146006,12.917338783891744,3.162224159253565
c1cnc(-c2ccc(cn2)-c2ccc(cc2)-c2ncncn2)c2nsnc12,7.574779560045929,10.469348976355004,10.297693556071986,13.19226297238106,2.7229139960260564
c1cnc(-c2cc3cnc4c(sc5ccc6nsnc6c45)c3c3ccccc23)c2nsnc12,5.966077934484725,8.18938421034819,9.229917581281446,11.453223857144913,3.263839646796722
[nH]1c2cc(ncc2c2c1c1c3c[nH]cc3ccc1c1=CCC=c21)-c1ccc[se]1,-0.6360982260447439,25.829991254502826,3.4163779999366004,29.882467480484166,4.052476225981344
c1cnc2cc3c(cc2c1)[se]c1cc(sc31)-c1nccc2nsnc12,6.105764522342602,8.838564574052004,9.652368989288474,12.385169040997877,3.5466044669458725
c1cnc(C2=Cc3c(C2)c2cnc4ccc5nsnc5c4c2c2nsnc32)c2nsnc12,4.982818290741999,6.02586634626754,8.857596379291783,9.900644434817323,3.874778088549783
c1cnc(-c2cc3cc4c5nsnc5c5ccc6ccccc6c5c4cc3o2)c2nsnc12,6.352634003812514,8.19626295039766,9.48586805620364,11.329497002788786,3.133234052391127
c1cc2ccc3c4ncc(cc4c4cscc4c3c2s1)-c1cncc2nsnc12,6.615378620715125,10.686384290749048,9.919809589981709,13.990815260015632,3.3044309692665834
c1ncc(-c2ccc(-c3ccc([se]3)-c3ncncn3)c3c[SiH2]cc23)c2nsnc12,5.708993519783569,12.092308199477367,10.094579926715936,16.477894606409734,4.385586406932367
c1cnc(s1)-c1ccc(-c2ccc(o2)-c2cncc3nsnc23)c2nsnc12,6.925142779158628,8.585969045957127,10.201388785359754,11.862215052158252,3.2762460062011254
c1cc2cnc3cc(cnc3c2c2nsnc12)-c1ncncn1,6.731549049008297,11.132000975286038,9.77900052766775,14.17945245394549,3.047451478659452
c1sc(-c2cc3[se]c4c(c5nsnc5c5ccccc45)c3[se]2)c2nccnc12,5.378541677520836,9.448969922376332,9.395959112293388,13.466387357148886,4.017417434772552
c1cnc(s1)-c1sc(c2[SiH2]ccc12)-c1sc(-c2cncc3nsnc23)c2ccsc12,6.0353824220034165,12.061216397843172,10.348311839356992,16.374145815196748,4.312929417353575
c1sc(-c2ncc(s2)-c2ncc(s2)-c2nccc3nsnc23)c2sccc12,6.336357064901327,8.593379590298557,9.915951402807725,12.172973928204955,3.579594337906398
c1cc2ncc3c4CC(=Cc4cnc3c2o1)c1nccc2nsnc12,6.1297927035162285,8.403186681181808,9.686816862769794,11.960210840435373,3.557024159253565
c1cc2ncc3c(oc4cc(-c5nccc6nsnc56)c5=C[SiH2]C=c5c34)c2[se]1,5.003028018491298,12.938599521285395,9.51202677194517,17.447598274739267,4.508998753453872
c1cnc2c3oc(cc3c3cscc3c2c1)-c1cncc2nsnc12,5.921224602879146,8.465868285025156,9.14358353136348,11.68822721350949,3.2223589284843346
c1cc2c(o1)c1oc3cc([se]c3c1c1=C[SiH2]C=c21)-c1cncc2nsnc12,5.175718244130339,14.44099170003166,9.859886941011096,19.125160396912417,4.684168696880757
c1cc2c([se]1)c1cc3ncc(cc3cc1c1=CCC=c21)-c1nccc2nsnc12,2.1308734635335917,23.03719329224365,6.051727244471262,26.958047073181323,3.920853780937671
C1C=Cc2[se]c3c4sc(cc4c4ccccc4c3c12)-c1scc2[SiH2]C=Cc12,3.567906717329943,20.451144407157575,7.919499345834631,24.80273703566227,4.351592628504688
c1ncc(s1)-c1ccc(o1)-c1cnc(-c2scc3occc23)c2nsnc12,5.984006843479087,10.11453707882406,9.630666138650442,13.761196373995416,3.6466592951713546
c1cc2sc3c(ncc4cc(oc34)-c3cncc4nsnc34)c2c2=C[SiH2]C=c12,6.2273707623561805,15.265816301378972,10.350175559766097,19.38862109878889,4.122804797409916
c1sc(-c2cnc(s2)-c2sc(-c3cncc4nsnc34)c3[se]ccc23)c2occc12,5.798318549096486,11.797271524870531,9.997746427988522,15.996699403762568,4.1994278788920365
c1ccc([se]1)-c1sc(-c2ncc(-c3ccc[se]3)c3nsnc23)c2ccsc12,5.597556552355676,13.128520371771533,9.860438069749252,17.39140188916511,4.262881517393576
c1sc(-c2cnc(-c3[SiH2]c(cc3)-c3nccc4nsnc34)c3nsnc23)c2[se]ccc12,5.827859449162086,12.703147260950852,10.44026588229302,17.315553694081785,4.612406433130933
c1cc2c3nsnc3c3c(c4nsnc4c4cc(-c5cncc6nsnc56)c5cscc5c34)c2s1,5.4984714423377445,8.674120117903655,9.47416660402817,12.64981527959408,3.9756951616904255
c1ccc(-c2cnc(s2)-c2ccc(o2)-c2cncc3nsnc23)c2cscc12,6.697155700231891,10.988464200884424,9.971446761378068,14.262755262030602,3.274291061146178
c1ncc(s1)-c1sc(-c2sc(-c3ccccn3)c3occc23)c2nccnc12,6.348094324007541,13.144001333852652,9.75099637416471,16.546903384009823,3.402902050157169
c1cc2c(c3cocc13)c1ncc3cc(cnc3c1c1=CCC=c21)-c1cncc2nsnc12,5.63843605264333,16.43324350796085,9.50653723790159,20.30134469321911,3.86810118525826
c1ccc(o1)-c1cnc(-c2sc(-c3cncc4nsnc34)c3ccCc23)c2nsnc12,6.32514074865858,10.132749179184904,10.150402268638148,13.958010699164472,3.825261519979568
c1cc2ncc3c4[se]c(cc4c4=CCC=c4c3c2[se]1)-c1ccccc1,-2.210212357380428,27.047033819399097,1.9409004172577529,31.19814659403728,4.151112774638181
c1cc2sc3cc(sc3c2o1)-c1cncc2nsnc12,5.75611005807453,6.841352361584683,9.25577277654289,10.341015080053044,3.499662718468361
c1ccc(-c2ccc(cn2)-c2cncc3nsnc23)c2nsnc12,6.644026127500165,9.81833813172254,9.58586277764403,12.760174781866406,2.9418366501438644
c1cnc(-c2ccc(nc2)-c2sc(-c3cncc4nsnc34)c3ccCc23)c2nsnc12,6.134922282535207,8.749047540816417,9.812590274931145,12.426715533212354,3.6776679923959374
c1cc2ncc3c4ncc(cc4[se]c3c2[se]1)-c1scc2nccnc12,5.572655590021155,9.739897062740122,9.728913595428567,13.896155068147534,4.1562580054074125
c1cnc(s1)-c1cnc(s1)-c1sc(-c2scc3Cccc23)c2nccnc12,6.187236848453964,12.293894324316677,9.854596998326173,15.961254474188886,3.667360149872209
c1cc2[se]c3c4cnc(cc4sc3c2c2ccccc12)-c1cncc2nsnc12,5.760032859536599,7.625755283570895,9.2498733778748,11.115595801909096,3.489840518338202
c1cnc(-c2cnc3c4sc5ccc6=C[SiH2]C=c6c5c4cnc3c2)c2nsnc12,5.588629789464167,12.943281748352591,9.531320705680352,16.88597266456878,3.9426909162161854
c1Cc(cc1)-c1ccc(-c2sc(-c3scc4nccnc34)c3ccCc23)c2nsnc12,4.180291961099995,20.35653914941389,8.01397432475202,24.190221513065914,3.8336823636520254
c1cc2ccc3c(ncc4cc(-c5cncc6nsnc56)c5cscc5c34)c2c2nsnc12,6.656539299290225,12.393566602735158,10.182136988044988,15.91916429148992,3.525597688754763
c1cnc(s1)-c1ccc(-c2cnc(-c3cncs3)c3nsnc23)c2cCcc12,6.278402987352054,13.832140933467503,10.04053855399274,17.59427650010819,3.762135566640685
c1cc2cc3c(cc2s1)c1[se]c(cc1c1=C[SiH2]C=c31)-c1scc2C=CCc12,-2.923926466068764,26.578550619689864,1.7288593248290864,31.231336410587712,4.65278579089785
c1sc(-c2cnc(s2)-c2sc(-c3ccccc3)c3nccnc23)c2cc[se]c12,6.077977130063079,13.239957948251476,9.648699509890577,16.810680328078973,3.5707223798274974
c1ncc(s1)-c1ncc(-c2Cc(cc2)-c2scc3[se]ccc23)c2nsnc12,6.039590645677247,13.441404949866456,10.299441393840056,17.701255698029264,4.259850748162808
c1sc(-c2cnc(s2)-c2sc(-c3nccc4nsnc34)c3ccoc23)c2ccsc12,6.180195106196776,11.714935918952538,9.973718369704198,15.50845918245996,3.7935232635074216
c1sc(c2[SiH2]ccc12)-c1sc(-c2cnc(s2)-c2nccc3nsnc23)c2ccsc12,6.3040337802966615,12.18672050706038,10.567970889957929,16.450657616721646,4.263937109661267
